frequency_hz,HV_geometric_mean,HV_lower_1sigma,HV_upper_1sigma,HV_N_over_Z,HV_E_over_Z
2.441406250000000000e-02,1.212880147003412956e+00,5.423446022274783784e-01,2.712441951027289022e+00,1.029442770990357747e+00,1.044404298850418744e+00
4.882812500000000000e-02,1.389850812269771252e+00,5.664636631285067114e-01,3.410078008708433916e+00,1.158535563054430506e+00,1.156864181628142196e+00
7.324218750000000000e-02,1.401259286370662549e+00,5.640296958257456916e-01,3.481248597674263756e+00,1.173691233810111090e+00,1.208227212122349625e+00
9.765625000000000000e-02,1.489115752116589864e+00,6.373629017268448438e-01,3.479125812302295451e+00,1.218498056869411261e+00,1.312518964486963036e+00
1.220703125000000000e-01,1.291807974115075419e+00,5.667439407538257257e-01,2.944482899574838886e+00,1.124615583299230837e+00,1.069530864912774826e+00
1.464843750000000000e-01,1.053588421199901815e+00,5.005666758967995955e-01,2.217583819973180326e+00,9.535925025533115162e-01,8.416717221344726108e-01
1.708984375000000000e-01,1.016673541383826151e+00,4.860109336169365357e-01,2.126752750308724238e+00,9.241069684115861271e-01,8.535882698137668978e-01
1.953125000000000000e-01,9.711550134509875365e-01,4.974680627545323697e-01,1.895884642179263002e+00,8.825798196139530427e-01,8.111853860900566371e-01
2.197265625000000000e-01,9.942929781084663965e-01,5.112164372108788379e-01,1.933855123496340367e+00,9.027681455196974181e-01,8.390437181789445198e-01
2.441406250000000000e-01,9.676947493827299240e-01,5.192078039015460833e-01,1.803580610588191746e+00,8.864211176777310186e-01,8.183375616891519488e-01
2.685546875000000000e-01,9.219618114169934042e-01,5.168118216807101595e-01,1.644725499790226753e+00,8.442079772111539260e-01,8.053882221174007983e-01
2.929687500000000000e-01,9.370064892592244732e-01,5.168226823395271063e-01,1.698805394800971369e+00,8.672499944798996996e-01,8.391210342608480532e-01
3.173828125000000000e-01,9.144934603241502424e-01,5.250190955421354388e-01,1.592891184485538458e+00,8.501226647855221197e-01,8.206801620359539529e-01
3.417968750000000000e-01,8.739296183390791173e-01,5.182306503374267681e-01,1.473770370997931067e+00,8.221642453288373620e-01,7.749191480444451718e-01
3.662109375000000000e-01,8.643575160230971832e-01,5.255414726617243515e-01,1.421607911782281297e+00,8.141536545163188254e-01,7.822830545516604728e-01
3.906250000000000000e-01,8.844106335925294715e-01,5.502693159335405593e-01,1.421453361404596771e+00,8.420586959524345438e-01,8.009259194222757561e-01
4.150390625000000000e-01,9.115156469460486965e-01,5.721858317559435081e-01,1.452082048375262113e+00,8.881135151950239059e-01,8.089989009403776299e-01
4.394531250000000000e-01,9.232260771417695189e-01,5.886035437693701855e-01,1.448082327293210181e+00,9.106977365040570538e-01,8.198417607497415771e-01
4.638671875000000000e-01,9.393842230035148733e-01,6.051858227645899868e-01,1.458135146650943570e+00,9.267441579503377103e-01,8.359773287101528449e-01
4.882812500000000000e-01,9.633392608395722201e-01,6.209077116621045667e-01,1.494622331216848288e+00,9.601845746841352058e-01,8.535911011052328412e-01
5.126953125000000000e-01,9.802447194288904653e-01,6.431342860744261314e-01,1.494057665364504128e+00,9.868429976628342315e-01,8.679551585703645378e-01
5.371093750000000000e-01,9.853310775043311320e-01,6.565969266272712046e-01,1.478650436703889515e+00,9.932490444111012895e-01,8.776126362844547391e-01
5.615234375000000000e-01,9.930953209701376405e-01,6.655921674555115297e-01,1.481745676640194853e+00,9.929742445549677443e-01,8.960841002368623576e-01
5.859375000000000000e-01,1.008231365907526378e+00,6.808392610398419365e-01,1.493055035702869349e+00,9.944350515836231086e-01,9.218586342011363399e-01
6.103515625000000000e-01,1.024414858718355248e+00,6.974691277628114472e-01,1.504619718623340319e+00,1.007346640528166803e+00,9.421333159692308890e-01
6.347656250000000000e-01,1.043055458689959636e+00,7.090374125946061756e-01,1.534424940881037092e+00,1.033311598829833367e+00,9.556963159743748770e-01
6.591796875000000000e-01,1.062497692941132499e+00,7.256471559394260806e-01,1.555716629308287802e+00,1.060450000541281801e+00,9.664384758451073365e-01
6.835937500000000000e-01,1.077127390607090618e+00,7.410932430243374336e-01,1.565529609825276669e+00,1.082254520921429375e+00,9.753954678440264203e-01
7.080078125000000000e-01,1.087834321000641147e+00,7.474044039177480947e-01,1.583324240188926924e+00,1.098927341608274988e+00,9.837843357627850116e-01
7.324218750000000000e-01,1.098366140123530954e+00,7.571873745079792384e-01,1.593275612332797575e+00,1.109028725535220472e+00,9.952033235556420054e-01
7.568359375000000000e-01,1.108954884287859155e+00,7.733546452146022876e-01,1.590190144968535835e+00,1.111925121350887169e+00,1.012011437453091522e+00
7.812500000000000000e-01,1.117456021129193955e+00,7.852785852320822713e-01,1.590146455845150353e+00,1.110474519220347567e+00,1.031107936128780933e+00
8.056640625000000000e-01,1.121669396106067085e+00,7.882066246551320265e-01,1.596208652409424555e+00,1.108020599416376539e+00,1.046162958952262301e+00
8.300781250000000000e-01,1.121332317503991316e+00,7.858572420554926774e-01,1.600018551702909742e+00,1.104798259987087139e+00,1.053787606160409007e+00
8.544921875000000000e-01,1.117300417737029816e+00,7.814032206349983412e-01,1.597587763281645756e+00,1.098612306232763514e+00,1.056309937937982779e+00
8.789062500000000000e-01,1.111964791225899640e+00,7.779013965974607148e-01,1.589488979367253085e+00,1.088335820901397133e+00,1.058864705828123975e+00
9.033203125000000000e-01,1.108906898157124399e+00,7.783744474160384508e-01,1.579798145818625876e+00,1.076698165290318920e+00,1.066112333001575152e+00
9.277343750000000000e-01,1.111742998690792295e+00,7.839156558757394144e-01,1.576665149973625057e+00,1.068868240001650260e+00,1.079993125099793394e+00
9.521484375000000000e-01,1.121379494956262324e+00,7.912535803396091305e-01,1.589240166431400203e+00,1.068072873098096620e+00,1.098705380453518288e+00
9.765625000000000000e-01,1.133501476702128308e+00,7.960801935077015390e-01,1.613939912290350831e+00,1.073041028392616170e+00,1.116631996209114241e+00
1.000976562500000000e+00,1.141793631532773245e+00,7.976339092974713552e-01,1.634449942276207990e+00,1.079776319694063957e+00,1.127229499190873341e+00
1.025390625000000000e+00,1.143562054071206369e+00,7.970418053377631429e-01,1.640734730291062649e+00,1.085373881930790096e+00,1.127379081141883121e+00
1.049804687500000000e+00,1.141318699240716050e+00,7.953871238994916215e-01,1.637703621414323019e+00,1.090200729982081951e+00,1.119806114522487128e+00
1.074218750000000000e+00,1.139926918446059867e+00,7.942791519851468696e-01,1.635990792595082288e+00,1.096741429816413538e+00,1.111144865722849540e+00
1.098632812500000000e+00,1.142797283949823273e+00,7.955455457002260644e-01,1.641622706910622176e+00,1.106966149330209870e+00,1.107402795691048603e+00
1.123046875000000000e+00,1.150602580468649272e+00,7.995031101953794517e-01,1.655886364041271097e+00,1.120863741277716930e+00,1.111074829630210425e+00
1.147460937500000000e+00,1.161477370758707606e+00,8.057104503092193948e-01,1.674335590740846369e+00,1.136185318825502222e+00,1.120117775543211902e+00
1.171875000000000000e+00,1.172508299569452017e+00,8.136800776072888874e-01,1.689577698156158769e+00,1.149868158347967739e+00,1.130137654339013364e+00
1.196289062500000000e+00,1.180421319697067872e+00,8.217200172249499168e-01,1.695704695987609867e+00,1.158988582882565677e+00,1.136778410808025219e+00
1.220703125000000000e+00,1.182400942813017330e+00,8.271422579368027383e-01,1.690243698892157198e+00,1.161330211441399696e+00,1.137629392767499414e+00
1.245117187500000000e+00,1.177139738156029347e+00,8.276324394697475162e-01,1.674243174945893919e+00,1.155899422304712099e+00,1.132496746836328505e+00
1.269531250000000000e+00,1.164930773042490042e+00,8.227275230428656716e-01,1.649469196025265205e+00,1.142738835888325477e+00,1.122488918740907504e+00
1.293945312500000000e+00,1.147218654889823330e+00,8.133945517553178295e-01,1.618047034230839953e+00,1.123067638377663657e+00,1.108838900505296321e+00
1.318359375000000000e+00,1.124652315210921127e+00,8.008016204153508566e-01,1.579470867520535560e+00,1.097819601059383476e+00,1.091331483858837714e+00
1.342773437500000000e+00,1.096350395300861535e+00,7.850408818032367231e-01,1.531110311752683195e+00,1.067220364179071623e+00,1.067700327598360088e+00
1.367187500000000000e+00,1.059314120301530604e+00,7.638350737347864294e-01,1.469095154250313451e+00,1.030393905268914612e+00,1.032940972371689359e+00
1.391601562500000000e+00,1.010238062230264022e+00,7.342679977696932037e-01,1.389929760630626232e+00,9.861841714399558478e-01,9.820128698682621948e-01
1.416015625000000000e+00,9.477404472186380380e-01,6.952346921983775241e-01,1.291955026660103867e+00,9.345364294416510509e-01,9.124150977773508586e-01
1.440429687500000000e+00,8.750164708899709209e-01,6.495232128913143166e-01,1.178793627591039339e+00,8.775343675525003606e-01,8.281246266158683866e-01
1.464843750000000000e+00,8.002597378313652809e-01,6.032066549112463649e-01,1.061685315935637197e+00,8.201179936866797027e-01,7.396329978849885967e-01
1.489257812500000000e+00,7.326423552894447688e-01,5.624435950424812036e-01,9.543442675767751515e-01,7.675902584581484334e-01,6.593182941578819012e-01
1.513671875000000000e+00,6.799554302555055330e-01,5.316327107473548530e-01,8.696594054267379192e-01,7.251379780575433198e-01,5.976701123994198062e-01
1.538085937500000000e+00,6.464541395640748256e-01,5.122401617759441139e-01,8.158340281454166121e-01,6.960842073891024828e-01,5.604715019100455775e-01
1.562500000000000000e+00,6.333515441462252982e-01,5.040494077108708115e-01,7.958231322880625624e-01,6.816635346299746434e-01,5.493792890247795047e-01
1.586914062500000000e+00,6.397756542561774395e-01,5.067560916488956790e-01,8.077118253222912436e-01,6.811876794311039207e-01,5.633453424364025519e-01
1.611328125000000000e+00,6.631427016598415713e-01,5.198763471359516553e-01,8.458900759524523583e-01,6.924087993459583368e-01,5.989726346782372479e-01
1.635742187500000000e+00,6.994927257085992167e-01,5.421229092375051684e-01,9.025445429108156503e-01,7.122654285622401771e-01,6.510739776596871087e-01
1.660156250000000000e+00,7.434630109034803258e-01,5.706161010519933408e-01,9.686674588442857337e-01,7.374627544811519497e-01,7.123837779726648334e-01
1.684570312500000000e+00,7.887771476934132275e-01,6.011563663648173961e-01,1.034954337231100974e+00,7.645799468101488472e-01,7.743444854807874922e-01
1.708984375000000000e+00,8.303229655522491592e-01,6.301581178902407876e-01,1.094068627460839327e+00,7.912858914527977072e-01,8.297630338764325764e-01
1.733398437500000000e+00,8.651854233008918760e-01,6.554088085708290601e-01,1.142105212660487368e+00,8.162278656827450796e-01,8.744419414197525109e-01
1.757812500000000000e+00,8.930867605563657108e-01,6.765457058111855604e-01,1.178935813249642139e+00,8.391420966246074808e-01,9.078622532952942414e-01
1.782226562500000000e+00,9.154234595579422429e-01,6.942765726197449583e-01,1.207011936391527707e+00,8.602145157778590123e-01,9.320661076449158200e-01
1.806640625000000000e+00,9.346492601574598602e-01,7.103504283371426808e-01,1.229772242916531866e+00,8.802849206309095731e-01,9.507038154708677968e-01
1.831054687500000000e+00,9.522301597867732781e-01,7.258640295663423281e-01,1.249190261913467159e+00,8.999127528462538272e-01,9.660385767993608930e-01
1.855468750000000000e+00,9.701516340990763432e-01,7.421077555321873298e-01,1.268271603589629537e+00,9.199454290197818240e-01,9.811849986281555580e-01
1.879882812500000000e+00,9.885802290429643868e-01,7.591268842872328504e-01,1.287388036813170933e+00,9.405268088484363131e-01,9.966018570358187167e-01
1.904296875000000000e+00,1.007438681011940673e+00,7.766784697750646060e-01,1.306760436262660363e+00,9.618457692244607449e-01,1.012234988946888015e+00
1.928710937500000000e+00,1.026039796189930353e+00,7.937465115213735434e-01,1.326314696297252071e+00,9.835136437751211824e-01,1.027265548499451731e+00
1.953125000000000000e+00,1.043689053678492407e+00,8.094179343347503996e-01,1.345765635479249545e+00,1.005272389476287165e+00,1.040683470943662092e+00
1.977539062500000000e+00,1.059662720637914113e+00,8.228414101934763414e-01,1.364643377933203450e+00,1.026701588117974628e+00,1.051437936054999689e+00
2.001953125000000000e+00,1.073220584086099105e+00,8.334493454327355222e-01,1.381970516166258323e+00,1.047199306923882078e+00,1.058501309807029278e+00
2.026367187500000000e+00,1.083673003708683469e+00,8.411645168619761304e-01,1.396096905451962966e+00,1.065965606849601066e+00,1.061140533237555639e+00
2.050781250000000000e+00,1.090816237624483875e+00,8.463734644504290472e-01,1.405857005497983980e+00,1.082477582406730088e+00,1.059207246455518892e+00
2.075195312500000000e+00,1.094490749020314402e+00,8.495013679555208919e-01,1.410133102638829516e+00,1.096028907417123888e+00,1.052888640774205520e+00
2.099609375000000000e+00,1.094734569077154607e+00,8.509141123136386708e-01,1.408419203994595970e+00,1.106118311151589317e+00,1.042674010204371449e+00
2.124023437500000000e+00,1.091801000441736669e+00,8.506834344612974608e-01,1.401260887747790340e+00,1.112424783877681955e+00,1.029389246721438944e+00
2.148437500000000000e+00,1.086203286902556409e+00,8.486834393575503066e-01,1.390197482080066660e+00,1.115018568841426472e+00,1.014110666519550508e+00
2.172851562500000000e+00,1.078683476920692774e+00,8.448789470358362141e-01,1.377189060591376357e+00,1.114335123225500102e+00,9.980600019035331671e-01
2.197265625000000000e+00,1.070079322294384294e+00,8.393856388672372715e-01,1.364176015147574361e+00,1.111061820956388280e+00,9.824763331793623378e-01
2.221679687500000000e+00,1.061528326977545733e+00,8.326554636789020858e-01,1.353311709499924298e+00,1.106350848395410313e+00,9.686533705336809463e-01
2.246093750000000000e+00,1.053976049377032931e+00,8.253242583756109640e-01,1.345974629228521735e+00,1.101218819169057284e+00,9.575740448833509610e-01
2.270507812500000000e+00,1.048424666767405311e+00,8.185299784135744439e-01,1.342888239740146261e+00,1.096724896360672608e+00,9.502591516173810593e-01
2.294921875000000000e+00,1.045746724155745877e+00,8.134646218850101196e-01,1.344356203897778101e+00,1.093789712192827057e+00,9.475106689821579664e-01
2.319335937500000000e+00,1.046623386944081746e+00,8.112622215516913649e-01,1.350266886584590820e+00,1.093085347404265439e+00,9.499404206232050507e-01
2.343750000000000000e+00,1.051566063901898884e+00,8.127994768843405105e-01,1.360472315987334202e+00,1.095094450373016226e+00,9.579815224613660307e-01
2.368164062500000000e+00,1.060827658144347208e+00,8.187202913205804400e-01,1.374529655871656875e+00,1.099973561456044857e+00,9.719157567201268666e-01
2.392578125000000000e+00,1.074282978894217644e+00,8.288891487536149683e-01,1.392326007014579092e+00,1.107618855798976121e+00,9.914329796737940681e-01
2.416992187500000000e+00,1.091696313036949029e+00,8.431856683219898230e-01,1.413450067611148553e+00,1.117808315506361172e+00,1.016278338135458981e+00
2.441406250000000000e+00,1.112551809931695779e+00,8.610586834889534247e-01,1.437499619383574512e+00,1.130138790480896382e+00,1.045813244141234000e+00
2.465820312500000000e+00,1.136099505176782598e+00,8.816680983476412603e-01,1.463954619750797992e+00,1.144126210554436751e+00,1.079043779217864429e+00
2.490234375000000000e+00,1.161402418098474998e+00,9.040046535817448659e-01,1.492089196024270592e+00,1.159197504478730600e+00,1.114704800248191630e+00
2.514648437500000000e+00,1.187374182432069603e+00,9.269115768370488340e-01,1.521026907353082658e+00,1.174764446385444971e+00,1.151253617087134140e+00
2.539062500000000000e+00,1.213039425981347730e+00,9.494393938978150649e-01,1.549824726509637651e+00,1.190380886108488578e+00,1.187244581517086894e+00
2.563476562500000000e+00,1.237197099716725646e+00,9.703925706229856729e-01,1.577358184600285984e+00,1.205473598768376453e+00,1.220857815195050211e+00
2.587890625000000000e+00,1.259088141043409381e+00,9.890669039868964507e-01,1.602826806281601346e+00,1.219676884650040316e+00,1.250908628379678422e+00
2.612304687500000000e+00,1.278054953251062553e+00,1.005013856802556393e+00,1.625275564584057308e+00,1.232743976442415734e+00,1.276306624273253254e+00
2.636718750000000000e+00,1.293695218051209794e+00,1.018025022080903286e+00,1.644013929822209175e+00,1.244426354108085997e+00,1.296433638047637560e+00
2.661132812500000000e+00,1.305984989880551339e+00,1.028233321073948270e+00,1.658764366838332727e+00,1.254698392951500763e+00,1.311203992382975470e+00
2.685546875000000000e+00,1.315189039951359273e+00,1.036036818724543007e+00,1.669556698706544218e+00,1.263675475487269884e+00,1.320976067602067872e+00
2.709960937500000000e+00,1.321740956605137463e+00,1.041788883436859159e+00,1.676922439990065516e+00,1.271487206311791684e+00,1.326407099565531933e+00
2.734375000000000000e+00,1.326245778723042168e+00,1.046084413362519783e+00,1.681439703251876638e+00,1.278406238912848325e+00,1.328431162898550788e+00
2.758789062500000000e+00,1.329647562145992223e+00,1.049621549310983060e+00,1.684381042558956043e+00,1.284941362220402672e+00,1.328408613682500850e+00
2.783203125000000000e+00,1.332723427639202374e+00,1.053012145457726589e+00,1.686734328981857489e+00,1.291590092651899946e+00,1.327441197768866710e+00
2.807617187500000000e+00,1.336221513713078402e+00,1.056846965148650730e+00,1.689447945245821758e+00,1.298851578249061500e+00,1.326612023928927409e+00
2.832031250000000000e+00,1.340829232403456306e+00,1.061663479565026824e+00,1.693401972538629563e+00,1.307218788136066401e+00,1.326892082753437174e+00
2.856445312500000000e+00,1.347123636285238790e+00,1.068025542256850313e+00,1.699156077862729264e+00,1.317171346300943569e+00,1.329080034666221488e+00
2.880859375000000000e+00,1.355438489971235283e+00,1.076149129827919770e+00,1.707210877352360878e+00,1.328974163670129993e+00,1.333630575786246331e+00
2.905273437500000000e+00,1.366045165583557042e+00,1.086362596591957441e+00,1.717731630551631916e+00,1.342865623658545227e+00,1.340948898506039599e+00
2.929687500000000000e+00,1.378923906040266933e+00,1.098817039904500303e+00,1.730434703501324334e+00,1.358800796896849850e+00,1.351095188798358881e+00
2.954101562500000000e+00,1.394049090588828754e+00,1.113461038486758703e+00,1.745344291177594931e+00,1.376718809164206192e+00,1.364053496646299823e+00
2.978515625000000000e+00,1.411093493770980700e+00,1.130133415644712480e+00,1.761902462663554214e+00,1.396247162167554068e+00,1.379535272079322805e+00
3.002929687500000000e+00,1.429593668484861135e+00,1.148536190247585687e+00,1.779428523302728715e+00,1.416887712923347253e+00,1.397095906983538471e+00
3.027343750000000000e+00,1.448969314883540749e+00,1.168129180310214066e+00,1.797328678080382103e+00,1.437980146601644860e+00,1.416143715415018711e+00
3.051757812500000000e+00,1.468602425900871866e+00,1.188423381651788624e+00,1.814835620588515441e+00,1.458855699921638216e+00,1.436071654884497839e+00
3.076171875000000000e+00,1.487802296179600470e+00,1.208801953078275204e+00,1.831197961651501727e+00,1.478778648869873980e+00,1.456192080790180698e+00
3.100585937500000000e+00,1.505807685828022935e+00,1.228625354274443415e+00,1.845523355683781563e+00,1.496922330199385476e+00,1.475762653379477207e+00
3.125000000000000000e+00,1.522171887691062597e+00,1.247316765265792604e+00,1.857593291615252440e+00,1.512825821310115337e+00,1.494267997620189581e+00
3.149414062500000000e+00,1.536340012228875285e+00,1.264263558977608115e+00,1.866968810747178686e+00,1.525924745095955437e+00,1.511108483722004348e+00
3.173828125000000000e+00,1.547997891800383163e+00,1.279007547399664269e+00,1.873560072331329485e+00,1.535862475148578321e+00,1.525974803021351356e+00
3.198242187500000000e+00,1.557063740568804144e+00,1.291114229208720765e+00,1.877794727488966142e+00,1.542586595403206084e+00,1.538659850280319041e+00
3.222656250000000000e+00,1.563553517809377791e+00,1.300357717127347046e+00,1.880020836462391154e+00,1.546064587815642266e+00,1.549193991767178424e+00
3.247070312500000000e+00,1.567634969690680169e+00,1.306574616978297909e+00,1.880856528408984429e+00,1.546491442964626373e+00,1.557687679639591538e+00
3.271484375000000000e+00,1.569701158078315562e+00,1.309875162116395764e+00,1.881066071740244761e+00,1.544218760033748916e+00,1.564566229679260845e+00
3.295898437500000000e+00,1.570141830486799783e+00,1.310471350351080089e+00,1.881266131597583602e+00,1.539649278994920545e+00,1.570227300208651755e+00
3.320312500000000000e+00,1.569619956149596485e+00,1.308929059845014509e+00,1.882230964476241386e+00,1.533312616514988402e+00,1.575493877860973280e+00
3.344726562500000000e+00,1.568552330639754633e+00,1.305644929427415946e+00,1.884399317534502627e+00,1.525700200770434112e+00,1.580738187758296664e+00
3.369140625000000000e+00,1.567523981185776183e+00,1.301445794599845884e+00,1.888001361092412678e+00,1.517287301554518963e+00,1.586698627721683241e+00
3.393554687500000000e+00,1.567067536973500097e+00,1.297104332598655763e+00,1.893217533640005001e+00,1.508504459108710449e+00,1.594023914852139123e+00
3.417968750000000000e+00,1.567713205032623458e+00,1.293497225181358345e+00,1.900061821075084811e+00,1.499782986149400310e+00,1.603327108901090758e+00
3.442382812500000000e+00,1.569868059799320648e+00,1.291382924706987012e+00,1.908408170827620154e+00,1.491447655215552004e+00,1.615071131931815396e+00
3.466796875000000000e+00,1.573852853592226708e+00,1.291526724990860409e+00,1.917895121200781983e+00,1.483776037380121204e+00,1.629564782962394265e+00
3.491210937500000000e+00,1.580174056473595767e+00,1.294681992036429863e+00,1.928620359370812221e+00,1.477118436095779197e+00,1.647371937303401923e+00
3.515625000000000000e+00,1.588891488500723481e+00,1.301122068972072610e+00,1.940306926178370972e+00,1.471494741374000048e+00,1.668485161617355272e+00
3.540039062500000000e+00,1.600228127224984753e+00,1.311290931309608165e+00,1.952831364893630406e+00,1.467079745945324198e+00,1.693086269010098732e+00
3.564453125000000000e+00,1.614282540445292957e+00,1.325360474528202825e+00,1.966188195942806249e+00,1.463964767071554984e+00,1.721187796309597173e+00
3.588867187500000000e+00,1.631098056315012368e+00,1.343245201131238575e+00,1.980636794439346149e+00,1.462246883721733060e+00,1.752707717588513736e+00
3.613281250000000000e+00,1.650581947548385608e+00,1.364574667727252999e+00,1.996534766477996881e+00,1.461915906950892463e+00,1.787418373648647751e+00
3.637695312500000000e+00,1.672628453696137107e+00,1.388742199024129098e+00,2.014546649536442580e+00,1.463004471125967987e+00,1.825076705331271754e+00
3.662109375000000000e+00,1.697009662318494927e+00,1.414625300843073807e+00,2.035762963016449323e+00,1.465587640625299004e+00,1.865182012137186263e+00
3.686523437500000000e+00,1.723408151615325234e+00,1.440786359282165474e+00,2.061468473739538787e+00,1.469470837965197285e+00,1.907329088326086719e+00
3.710937500000000000e+00,1.751469369842737933e+00,1.465682557892697746e+00,2.092980459498583468e+00,1.474641004126788779e+00,1.950955500635977780e+00
3.735351562500000000e+00,1.780774054995203803e+00,1.487768589773122319e+00,2.131484867164487707e+00,1.481047155165709617e+00,1.995440293452912739e+00
3.759765625000000000e+00,1.810859610416191146e+00,1.505796850259237374e+00,2.177725719158019935e+00,1.488611745037140111e+00,2.040139446213819152e+00
3.784179687500000000e+00,1.841218625042096546e+00,1.519095055736320976e+00,2.231648383292709426e+00,1.497199034657355154e+00,2.084393059248717872e+00
3.808593750000000000e+00,1.871431000659083965e+00,1.527729619730169075e+00,2.292456691941624936e+00,1.506798462358148960e+00,2.127633609474109289e+00
3.833007812500000000e+00,1.900790075433535842e+00,1.532079415017922885e+00,2.358234746483008237e+00,1.517150330792503166e+00,2.168959726835976820e+00
3.857421875000000000e+00,1.929145912860287471e+00,1.533080122077364216e+00,2.427533890441864184e+00,1.528237186585898355e+00,2.208225182978885925e+00
3.881835937500000000e+00,1.956071230654242044e+00,1.531626190739076465e+00,2.498138698938600299e+00,1.539977373281760764e+00,2.244859267326663410e+00
3.906250000000000000e+00,1.981281719915515271e+00,1.528600829081049772e+00,2.568019838136071709e+00,1.552246730877012704e+00,2.278537619723223440e+00
3.930664062500000000e+00,2.004727216729521366e+00,1.524884378798519791e+00,2.635564551236777131e+00,1.565047872719577127e+00,2.309198139245330683e+00
3.955078125000000000e+00,2.026315260635024096e+00,1.521141388392105886e+00,2.699258311433172075e+00,1.578331920484153938e+00,2.336728180904103169e+00
3.979492187500000000e+00,2.046113651341129991e+00,1.517816287000434361e+00,2.758292363879037090e+00,1.592001931079019217e+00,2.361258631149359744e+00
4.003906250000000000e+00,2.064283363856558307e+00,1.515394347084151550e+00,2.811984757957075143e+00,1.606061714285536013e+00,2.383020646105005191e+00
4.028320312500000000e+00,2.080857696341859686e+00,1.514177824933794936e+00,2.859617068169963972e+00,1.620466322158532702e+00,2.402062928443430501e+00
4.052734375000000000e+00,2.096358166216236718e+00,1.514366535656181512e+00,2.902017086079660579e+00,1.635233645198100660e+00,2.419165863716857601e+00
4.077148437500000000e+00,2.110832918246159817e+00,1.516057491761593878e+00,2.938948973217607730e+00,1.650258482772736457e+00,2.434439928804415398e+00
4.101562500000000000e+00,2.124232937880272232e+00,1.519137974438270033e+00,2.970346110954132257e+00,1.665266097937513790e+00,2.447964008155856686e+00
4.125976562500000000e+00,2.137015216845425503e+00,1.523750526344017420e+00,2.997100875814789234e+00,1.680367858483047483e+00,2.460397362087186846e+00
4.150390625000000000e+00,2.149027417931970163e+00,1.529670688956117575e+00,3.019158879336961920e+00,1.695216348236326720e+00,2.471715623408616835e+00
4.174804687500000000e+00,2.160305691793121152e+00,1.536776722814615193e+00,3.036824161057218863e+00,1.709582826645814846e+00,2.482129001678678115e+00
4.199218750000000000e+00,2.170529359803389902e+00,1.544854129245994301e+00,3.049606828618787624e+00,1.723093934134180882e+00,2.491356521096889320e+00
4.223632812500000000e+00,2.179744181383917123e+00,1.553581097118383658e+00,3.058279162310760135e+00,1.735503912162115636e+00,2.499617669262847119e+00
4.248046875000000000e+00,2.187587231171028712e+00,1.562719490909005859e+00,3.062314076084676984e+00,1.746397300872652103e+00,2.506584413248641674e+00
4.272460937500000000e+00,2.193580949979114791e+00,1.571934592436331046e+00,3.061067176245229504e+00,1.755311612104324404e+00,2.511752779295983284e+00
4.296875000000000000e+00,2.197618186328288648e+00,1.580834684873958507e+00,3.055047905446165668e+00,1.762001465432136538e+00,2.515026821334771068e+00
4.321289062500000000e+00,2.199228135608854107e+00,1.589070648704841826e+00,3.043668572190687982e+00,1.766000057112897981e+00,2.515907401649471353e+00
4.345703125000000000e+00,2.198090065540401650e+00,1.596337478867345894e+00,3.026678255813167073e+00,1.767048782434282428e+00,2.513962872154146488e+00
4.370117187500000000e+00,2.193884637311807939e+00,1.602282350117895326e+00,3.003921126309988310e+00,1.764881813035170222e+00,2.508781250122929851e+00
4.394531250000000000e+00,2.186319377606838810e+00,1.606588978870206130e+00,2.975242880267089607e+00,1.759336729066949490e+00,2.499946906880289976e+00
4.418945312500000000e+00,2.175156494692257692e+00,1.608948682992833890e+00,2.940619440764961734e+00,1.750366140892706479e+00,2.487033186795739592e+00
4.443359375000000000e+00,2.160578861980797072e+00,1.609224241526368449e+00,2.900839359970420528e+00,1.738146767633539369e+00,2.470226201192686322e+00
4.467773437500000000e+00,2.142465341656214939e+00,1.607262339417203423e+00,2.855885829977502954e+00,1.722760252645106904e+00,2.449275748864309765e+00
4.492187500000000000e+00,2.120942978939914791e+00,1.603004111019684874e+00,2.806230557358364575e+00,1.704539732543785879e+00,2.424208454346673758e+00
4.516601562500000000e+00,2.096246175749271856e+00,1.596452633303873547e+00,2.752507614491204624e+00,1.683848095910903009e+00,2.395226175578186734e+00
4.541015625000000000e+00,2.068608496893247217e+00,1.587623093560212695e+00,2.695312968661252917e+00,1.661096616758161115e+00,2.362511493182255951e+00
4.565429687500000000e+00,2.038435203575306609e+00,1.576661662652292684e+00,2.635453234897021435e+00,1.636764283346585191e+00,2.326493354035564121e+00
4.589843750000000000e+00,2.005911424518061370e+00,1.563628765570256540e+00,2.573296636394789338e+00,1.611329717875080059e+00,2.287239598265158769e+00
4.614257812500000000e+00,1.971859639212362625e+00,1.548892434898361703e+00,2.510329542031660921e+00,1.585404233702748744e+00,2.245775055974645440e+00
4.638671875000000000e+00,1.936617214809779774e+00,1.532654616303840367e+00,2.447052451870915135e+00,1.559441597632849064e+00,2.202424016493039538e+00
4.663085937500000000e+00,1.900644830191272616e+00,1.515201178895777323e+00,2.384139361061896611e+00,1.533975823245187442e+00,2.157636028734494005e+00
4.687500000000000000e+00,1.864483880322765907e+00,1.496838468042542170e+00,2.322428381019291610e+00,1.509375316219697449e+00,2.112111169807608491e+00
4.711914062500000000e+00,1.828572269128811989e+00,1.477857814024240435e+00,2.262515724920779459e+00,1.486039559472532634e+00,2.066310085619669668e+00
4.736328125000000000e+00,1.793403077424801095e+00,1.458684677126641072e+00,2.204927938540012011e+00,1.464400522086442891e+00,2.020794910639362119e+00
4.760742187500000000e+00,1.759251063851736463e+00,1.439382534965967908e+00,2.150202764365653607e+00,1.444515093317950472e+00,1.975941070780973696e+00
4.785156250000000000e+00,1.726503500013699233e+00,1.420331845590091735e+00,2.098674577222580329e+00,1.426693098321390130e+00,1.932187701516843159e+00
4.809570312500000000e+00,1.695459978667665402e+00,1.401818591792339141e+00,2.050610939314458925e+00,1.411096127014437318e+00,1.889894759122185741e+00
4.833984375000000000e+00,1.666411363729062511e+00,1.384117152312137167e+00,2.006280197110886565e+00,1.397876104803726038e+00,1.849414534918161213e+00
4.858398437500000000e+00,1.639535434783389478e+00,1.367432299653774885e+00,1.965783931380706173e+00,1.387088427765031495e+00,1.810977152062001716e+00
4.882812500000000000e+00,1.615008016125876855e+00,1.351985737095516837e+00,1.929200006025336700e+00,1.378761582606748748e+00,1.774823107935356914e+00
4.907226562500000000e+00,1.593102832730614038e+00,1.338103859159342601e+00,1.896696297736394365e+00,1.373115645747813973e+00,1.741238664033978312e+00
4.931640625000000000e+00,1.573784439351664677e+00,1.325775016109625115e+00,1.868188366389183175e+00,1.369885867878007701e+00,1.710312587655035133e+00
4.956054687500000000e+00,1.557159461152159752e+00,1.315137487496180757e+00,1.843720227359670671e+00,1.369177188103106069e+00,1.682104038255210154e+00
4.980468750000000000e+00,1.543351162221993533e+00,1.306343111686421476e+00,1.823359260383764280e+00,1.371007486729636238e+00,1.656795000673140672e+00
5.004882812500000000e+00,1.532395116830813642e+00,1.299436849675367434e+00,1.807117286748926466e+00,1.375378192427168411e+00,1.634422826294844366e+00
5.029296875000000000e+00,1.524353858133037365e+00,1.294485334888124006e+00,1.795041335872606059e+00,1.382289861026652744e+00,1.615068595909142868e+00
5.053710937500000000e+00,1.519388365876989111e+00,1.291618688762459444e+00,1.787323942001979526e+00,1.391916487640684652e+00,1.598868355813107156e+00
5.078125000000000000e+00,1.517333182956323911e+00,1.290622711422156454e+00,1.783867560771056571e+00,1.403984608255674837e+00,1.585710586862700611e+00
5.102539062500000000e+00,1.518420014054175038e+00,1.291703590609796448e+00,1.784929109000802150e+00,1.418747754859315702e+00,1.575812722779616815e+00
5.126953125000000000e+00,1.522482934658826448e+00,1.294596964331136579e+00,1.790483332026768348e+00,1.436093745550503176e+00,1.568940418848223217e+00
5.151367187500000000e+00,1.529643440942743293e+00,1.299397271528629716e+00,1.800687986412785824e+00,1.456147159523596191e+00,1.565210380797420475e+00
5.175781250000000000e+00,1.539922109511984383e+00,1.306070745515524045e+00,1.815644452267271003e+00,1.478953864501092230e+00,1.564616535983289314e+00
5.200195312500000000e+00,1.553304922721481685e+00,1.314587999327480716e+00,1.835370613595370015e+00,1.504552214536188481e+00,1.567101542091811073e+00
5.224609375000000000e+00,1.569943485340083544e+00,1.325087031933095849e+00,1.860045783986069567e+00,1.533151042197332670e+00,1.572778834370336387e+00
5.249023437500000000e+00,1.589566503515504214e+00,1.337304352089548454e+00,1.889414077768073907e+00,1.564482972581176634e+00,1.581373282968281169e+00
5.273437500000000000e+00,1.612193912725652156e+00,1.351339044297296121e+00,1.923402733901787398e+00,1.598635984656614273e+00,1.592862193459960718e+00
5.297851562500000000e+00,1.637845121463142650e+00,1.367300672235278736e+00,1.961921541013487813e+00,1.635672303975099995e+00,1.607243753831381072e+00
5.322265625000000000e+00,1.666393309804630407e+00,1.385053996236311757e+00,2.004879716247433663e+00,1.675564236404415430e+00,1.624295409304801652e+00
5.346679687500000000e+00,1.697778869042798844e+00,1.404680442324122147e+00,2.052034755605385730e+00,1.718271734666326545e+00,1.643969970505152478e+00
5.371093750000000000e+00,1.732087460684128333e+00,1.426369861010761353e+00,2.103330316677630485e+00,1.763938022442413933e+00,1.666315481391712039e+00
5.395507812500000000e+00,1.768848713705125641e+00,1.449825591884569276e+00,2.158070453087563401e+00,1.812077476557733213e+00,1.690888875513892664e+00
5.419921875000000000e+00,1.808044416859879266e+00,1.475158217012613848e+00,2.216050167119279379e+00,1.862697925900060891e+00,1.717670828898562041e+00
5.444335937500000000e+00,1.849541519951290347e+00,1.502348590222459146e+00,2.276970775149592008e+00,1.915702511786610218e+00,1.746506951007781305e+00
5.468750000000000000e+00,1.893052881695981071e+00,1.531314997992124560e+00,2.340243005257817810e+00,1.970722410158167737e+00,1.777226775237038092e+00
5.493164062500000000e+00,1.938480515182284813e+00,1.561988911789548462e+00,2.405719195174199854e+00,2.027772937590105684e+00,1.809607607935647788e+00
5.517578125000000000e+00,1.985494409548509642e+00,1.594251215739278971e+00,2.472752105458067007e+00,2.086449881025485453e+00,1.843429798042716783e+00
5.541992187500000000e+00,2.034076752788701370e+00,1.628147140809363957e+00,2.541212727357467838e+00,2.146727980193628760e+00,1.878699866313955358e+00
5.566406250000000000e+00,2.083649735102584000e+00,1.663257461379492153e+00,2.610297154471914904e+00,2.207938751282688017e+00,1.914942652855812444e+00
5.590820312500000000e+00,2.134125478476907034e+00,1.699556157564754644e+00,2.679812336657524163e+00,2.269960348377567882e+00,1.952124804533399649e+00
5.615234375000000000e+00,2.185271513088148154e+00,1.736862669463290487e+00,2.749446844516623578e+00,2.332534790618306708e+00,1.990055243952175257e+00
5.639648437500000000e+00,2.236858108291939207e+00,1.775017469978903417e+00,2.818864761196329116e+00,2.395398639493163007e+00,2.028556410429383838e+00
5.664062500000000000e+00,2.288546216326169169e+00,1.813731308375884366e+00,2.887662444858341892e+00,2.458081449865281876e+00,2.067451093972787479e+00
5.688476562500000000e+00,2.340544994238639376e+00,1.853101158700613649e+00,2.956207136526106893e+00,2.520957906759381029e+00,2.106748173401133073e+00
5.712890625000000000e+00,2.392302781193101691e+00,1.892617104570675446e+00,3.023914653990454227e+00,2.583288216681390637e+00,2.146116073237005484e+00
5.737304687500000000e+00,2.443854828584268724e+00,1.932252438912950732e+00,3.090914159515628423e+00,2.645130500892529657e+00,2.185569617670620968e+00
5.761718750000000000e+00,2.495131745079159913e+00,1.971872167543147869e+00,3.157244433881663426e+00,2.706441806303551356e+00,2.225000517170843128e+00
5.786132812500000000e+00,2.546005775614826661e+00,2.011297675377010208e+00,3.222867250740993228e+00,2.767094796763934994e+00,2.264284377569877549e+00
5.810546875000000000e+00,2.596497677521317549e+00,2.050418540359260966e+00,3.288011718910979653e+00,2.827151220109384244e+00,2.303382924437305412e+00
5.834960937500000000e+00,2.646389529568290211e+00,2.089028806214499490e+00,3.352456185082196338e+00,2.886376130967009956e+00,2.342106081468490864e+00
5.859375000000000000e+00,2.696206707989761142e+00,2.127381071550900504e+00,3.417126677219780806e+00,2.945491520326663171e+00,2.380716341349542020e+00
5.883789062500000000e+00,2.745570681814099689e+00,2.165090217748161461e+00,3.481683260606724062e+00,3.004033143801467798e+00,2.418923929931894978e+00
5.908203125000000000e+00,2.794676227481125430e+00,2.202232998386759455e+00,3.546498132654215318e+00,3.062324817660226906e+00,2.456767432302628951e+00
5.932617187500000000e+00,2.843628623939493671e+00,2.238835242860857111e+00,3.611799383931073137e+00,3.120581338690151973e+00,2.494214221806558385e+00
5.957031250000000000e+00,2.892505491494512082e+00,2.274911086624255674e+00,3.677764844313586412e+00,3.178971312322504961e+00,2.531212438988888369e+00
5.981445312500000000e+00,2.941415449055996501e+00,2.310476155628076178e+00,3.744650133207439335e+00,3.237676727431484824e+00,2.567780498646089704e+00
6.005859375000000000e+00,2.990564630353005793e+00,2.345727050682524073e+00,3.812667294652280159e+00,3.297096240438347259e+00,2.603884587993548383e+00
6.030273437500000000e+00,3.039558854865047621e+00,2.380314242107509859e+00,3.881385856015574731e+00,3.356701204385442505e+00,2.639281465414597072e+00
6.054687500000000000e+00,3.089073097222478914e+00,2.414707585847727600e+00,3.951771492295888866e+00,3.417468872536465696e+00,2.674255944436585430e+00
6.079101562500000000e+00,3.138958701829849041e+00,2.448856654261033938e+00,4.023535519994161369e+00,3.479275311660646519e+00,2.708630009303000019e+00
6.103515625000000000e+00,3.189168970159726779e+00,2.482761037470428089e+00,4.096567719055319579e+00,3.542158812350631791e+00,2.742244150429822724e+00
6.127929687500000000e+00,3.239665213838816893e+00,2.516426377821190830e+00,4.170768034487308817e+00,3.606128706870315614e+00,2.774984997950091792e+00
6.152343750000000000e+00,3.290474984670847203e+00,2.550016131139554609e+00,4.245943973658756754e+00,3.671335081251930088e+00,2.806742874546764188e+00
6.176757812500000000e+00,3.341555873408255106e+00,2.583405307510477478e+00,4.322200478046329231e+00,3.737648178398457421e+00,2.837532683083512364e+00
6.201171875000000000e+00,3.392571211990548008e+00,2.616515912073325012e+00,4.398803529272965918e+00,3.804750284299039276e+00,2.867018257148333138e+00
6.225585937500000000e+00,3.443968508299869224e+00,2.649644584669380798e+00,4.476418895872865455e+00,3.873171103006934679e+00,2.895504953083503974e+00
6.250000000000000000e+00,3.495336727205787586e+00,2.682603279618308800e+00,4.554299522921630761e+00,3.942453996641083425e+00,2.922633546577569241e+00
6.274414062500000000e+00,3.546495287804618535e+00,2.715394004187307697e+00,4.631971937414927964e+00,4.012367328401313493e+00,2.948278675067874222e+00
6.298828125000000000e+00,3.597237185171096918e+00,2.747896432571595327e+00,4.709098644692289781e+00,4.082650026982507896e+00,2.972286596764361022e+00
6.323242187500000000e+00,3.647372610284008942e+00,2.780190427592813318e+00,4.785041638233563432e+00,4.153159293625843240e+00,2.994399808549041087e+00
6.347656250000000000e+00,3.696700800891971284e+00,2.812085789270126757e+00,4.859594562675923157e+00,4.223456921961048494e+00,3.014678737189936175e+00
6.372070312500000000e+00,3.744872966883554977e+00,2.843486844741860420e+00,4.931998740922041158e+00,4.293167020839219639e+00,3.032806622698597909e+00
6.396484375000000000e+00,3.791365563410094452e+00,2.874167283526562144e+00,5.001258248884766111e+00,4.361561222805266702e+00,3.048538764134727241e+00
6.420898437500000000e+00,3.836453696425408566e+00,2.904383347127250659e+00,5.067642664792940899e+00,4.428962570059067794e+00,3.062021468005840408e+00
6.445312500000000000e+00,3.879577508853164325e+00,2.933865173696522888e+00,5.130134057331497743e+00,4.494648185381082683e+00,3.072902857182339798e+00
6.469726562500000000e+00,3.920461172457362586e+00,2.962613044281644292e+00,5.187993023392827752e+00,4.558256898374022370e+00,3.081012573122993370e+00
6.494140625000000000e+00,3.958876530929090531e+00,2.990432899526244803e+00,5.240948021145727331e+00,4.619224280940149363e+00,3.086529519182215076e+00
6.518554687500000000e+00,3.994531059685770824e+00,3.017321727558692324e+00,5.288225727159865386e+00,4.677224907802632892e+00,3.089192127067758697e+00
6.542968750000000000e+00,4.027226379073166385e+00,3.043239713298378391e+00,5.329370616922084025e+00,4.731939276439754316e+00,3.088936941643364520e+00
6.567382812500000000e+00,4.056586367184404018e+00,3.068075079991034571e+00,5.363588740623142392e+00,4.782803946351604552e+00,3.085652038772956907e+00
6.591796875000000000e+00,4.082803145377395637e+00,3.091973462747273693e+00,5.391146374552841181e+00,4.829978853100655556e+00,3.079501937132717693e+00
6.616210937500000000e+00,4.105599586467072903e+00,3.114826696866093148e+00,5.411520320330438949e+00,4.873000467765481680e+00,3.070484405670006023e+00
6.640625000000000000e+00,4.124933088714565876e+00,3.136753032305212852e+00,5.424422264403722771e+00,4.911755517885624478e+00,3.058649572330376376e+00
6.665039062500000000e+00,4.140741347129982763e+00,3.157526389819969914e+00,5.430117372608694204e+00,4.946061735563375805e+00,3.044052375434787017e+00
6.689453125000000000e+00,4.153057330442937456e+00,3.177293084630548936e+00,5.428484162628446796e+00,4.975899397851905270e+00,3.026827503961125210e+00
6.713867187500000000e+00,4.161910799101020686e+00,3.196048796574095352e+00,5.419661151056559767e+00,5.001227432510646942e+00,3.007118034016248220e+00
6.738281250000000000e+00,4.167377460236441955e+00,3.213801500366485264e+00,5.403891588857087314e+00,5.022053752499257229e+00,2.985109795538930744e+00
6.762695312500000000e+00,4.169505141899604972e+00,3.230555439442415633e+00,5.381357309666787714e+00,5.038354365615820285e+00,2.961008698197891142e+00
6.787109375000000000e+00,4.168776148688954741e+00,3.246568568588137804e+00,5.352942410033719511e+00,5.050641653196064951e+00,2.935300782525106733e+00
6.811523437500000000e+00,4.165298248527645519e+00,3.261665148639150136e+00,5.319279787634305201e+00,5.059085529209977672e+00,2.908005677124942956e+00
6.835937500000000000e+00,4.159312341584580963e+00,3.275914652503620239e+00,5.280930973472207413e+00,5.063886294132649013e+00,2.879521362428763886e+00
6.860351562500000000e+00,4.151065682083767250e+00,3.289367196806892935e+00,5.238498855859162973e+00,5.065327568757711951e+00,2.850116058497175420e+00
6.884765625000000000e+00,4.140880485589671700e+00,3.302063024241164158e+00,5.192781321876138279e+00,5.063768900637861670e+00,2.820155066597437532e+00
6.909179687500000000e+00,4.129077857433644638e+00,3.314012324526787623e+00,5.144604872639785498e+00,5.059587811462465723e+00,2.789953060158836262e+00
6.933593750000000000e+00,4.115782822547659592e+00,3.325121559503487756e+00,5.094450816080190236e+00,5.052901794603835484e+00,2.759782969447038159e+00
6.958007812500000000e+00,4.101714062110998427e+00,3.335690874928558980e+00,5.043650289590888569e+00,5.044644258243551782e+00,2.730105078590683299e+00
6.982421875000000000e+00,4.086924583400340261e+00,3.345449901013854976e+00,4.992737313250493081e+00,5.034881116664309708e+00,2.701038796168656386e+00
7.006835937500000000e+00,4.071764072095834130e+00,3.354503986204567134e+00,4.942388718866586927e+00,5.024019981965538229e+00,2.672956754907223065e+00
7.031250000000000000e+00,4.056649793717314267e+00,3.362883067904960832e+00,4.893541409728197955e+00,5.012613210337102387e+00,2.646160248743897103e+00
7.055664062500000000e+00,4.041668086103894275e+00,3.370487995274999982e+00,4.846503218860427786e+00,5.000734165738649928e+00,2.620857610316016828e+00
7.080078125000000000e+00,4.027093109311748798e+00,3.377284797662142068e+00,4.801928141296344599e+00,4.988766077102662067e+00,2.597232433182468103e+00
7.104492187500000000e+00,4.013092030452046544e+00,3.383260678824656864e+00,4.760173446189362778e+00,4.976890404058658568e+00,2.575550274129651651e+00
7.128906250000000000e+00,4.000190573683743089e+00,3.388579181129726337e+00,4.722192922301283069e+00,4.965839354012215878e+00,2.555960954811338226e+00
7.153320312500000000e+00,3.988423869368989294e+00,3.393153712092875196e+00,4.688123884591317569e+00,4.955629824983372345e+00,2.538638307979024233e+00
7.177734375000000000e+00,3.977967098207686458e+00,3.397015667337047518e+00,4.658271784430019657e+00,4.946497281116515765e+00,2.523695974994049962e+00
7.202148437500000000e+00,3.968984731486172812e+00,3.400270514229153829e+00,4.632819575045357574e+00,4.938646920404427654e+00,2.511261381798973513e+00
7.226562500000000000e+00,3.961640583616598654e+00,3.402989598782886205e+00,4.612002375608610372e+00,4.932309861614039725e+00,2.501397950269807158e+00
7.250976562500000000e+00,3.955904194720461398e+00,3.405217173366053451e+00,4.595647561103349155e+00,4.927423053515488149e+00,2.494151376139965404e+00
7.275390625000000000e+00,3.951903041423791230e+00,3.407061358270511597e+00,4.583873316781816420e+00,4.924159140150354830e+00,2.489587019875341589e+00
7.299804687500000000e+00,3.949677806292384297e+00,3.408662613757370341e+00,4.576561702104857687e+00,4.922558981473877715e+00,2.487715890407124153e+00
7.324218750000000000e+00,3.949258343311265573e+00,3.410131745990820029e+00,4.573618447601064396e+00,4.922692478312969300e+00,2.488421819576503324e+00
7.348632812500000000e+00,3.950608453456855518e+00,3.411564252987335788e+00,4.574824331348364304e+00,4.924493657233269595e+00,2.491729802173889396e+00
7.373046875000000000e+00,3.953747775652782792e+00,3.413143513870302570e+00,4.579977785860350536e+00,4.927988124154373928e+00,2.497603694395928553e+00
7.397460937500000000e+00,3.958598894806296009e+00,3.414889116305857453e+00,4.588876732522897406e+00,4.933086624354509730e+00,2.505949750101837736e+00
7.421875000000000000e+00,3.965085827201268565e+00,3.416893927168443312e+00,4.601227299467561593e+00,4.939645877316229061e+00,2.516765604441967508e+00
7.446289062500000000e+00,3.973062145223042574e+00,3.419132978068485595e+00,4.616732636915926946e+00,4.947555369074157383e+00,2.529729786158345206e+00
7.470703125000000000e+00,3.982457645147244651e+00,3.421654903571822004e+00,4.635174891201248037e+00,4.956669442293190286e+00,2.544899582066084243e+00
7.495117187500000000e+00,3.993120694439145968e+00,3.424366564011653402e+00,4.656339379064181827e+00,4.966835626433196538e+00,2.562006450032612292e+00
7.519531250000000000e+00,4.004930117111945798e+00,3.427270991949817436e+00,4.679952440476627729e+00,4.977879049410254275e+00,2.580978967294486726e+00
7.543945312500000000e+00,4.017729689354117895e+00,3.430244383227630145e+00,4.705831437446696519e+00,4.989608498146645310e+00,2.601651387192868814e+00
7.568359375000000000e+00,4.031347637142715712e+00,3.433159855724423615e+00,4.733762613587040313e+00,5.001828695166564920e+00,2.623827683502828467e+00
7.592773437500000000e+00,4.045652220274642552e+00,3.435906133498799697e+00,4.763605654950254120e+00,5.014326328696220081e+00,2.647470131855880204e+00
7.617187500000000000e+00,4.060419626058575204e+00,3.438299421387450927e+00,4.795105230546991670e+00,5.026918407894332752e+00,2.672174805699926381e+00
7.641601562500000000e+00,4.075491455335031432e+00,3.440149549168161514e+00,4.828171091144892735e+00,5.039380429150438268e+00,2.697859775428983031e+00
7.666015625000000000e+00,4.090681315603378998e+00,3.441360432981219297e+00,4.862517005035233097e+00,5.051459633305062091e+00,2.724400539692066303e+00
7.690429687500000000e+00,4.105793291274490109e+00,3.441625209196449653e+00,4.898133156867045201e+00,5.062957199698901789e+00,2.751534604054817645e+00
7.714843750000000000e+00,4.120694625080492557e+00,3.440834084361134249e+00,4.934886070311637951e+00,5.073701829217265313e+00,2.779152424387411724e+00
7.739257812500000000e+00,4.135146505792302918e+00,3.438782677750003458e+00,4.972526102043313578e+00,5.083340400591684904e+00,2.807180652643306296e+00
7.763671875000000000e+00,4.149129144770038025e+00,3.435383688169596716e+00,5.011164464471391078e+00,5.091995574666889013e+00,2.835287752754956259e+00
7.788085937500000000e+00,4.162436039555847955e+00,3.430456346212404473e+00,5.050603195263805745e+00,5.099375689707258630e+00,2.863381279882438957e+00
7.812500000000000000e+00,4.174948927733887594e+00,3.423906424253619019e+00,5.090734497215696486e+00,5.105326660615528311e+00,2.891375695361013243e+00
7.836914062500000000e+00,4.186522866692863332e+00,3.415695934656720834e+00,5.131303853925657243e+00,5.109675847689705286e+00,2.919159937339933730e+00
7.861328125000000000e+00,4.197028291118444443e+00,3.405637017030714642e+00,5.172320593287039081e+00,5.112281384108046112e+00,2.946568014853684581e+00
7.885742187500000000e+00,4.206430673780710450e+00,3.393790038063523529e+00,5.213657537700642663e+00,5.113111694536717877e+00,2.973556746787092031e+00
7.910156250000000000e+00,4.214537250225977694e+00,3.380062951011679750e+00,5.255027640306503933e+00,5.111868441237494842e+00,3.000085359088957571e+00
7.934570312500000000e+00,4.221478199524632657e+00,3.364649784077146766e+00,5.296503152689822080e+00,5.108822895366428085e+00,3.026030691068732459e+00
7.958984375000000000e+00,4.227140979212895999e+00,3.347577184210422718e+00,5.337806979454477130e+00,5.103791783725274200e+00,3.051377110820705507e+00
7.983398437500000000e+00,4.231544488664374271e+00,3.328948663867415281e+00,5.378865992707599020e+00,5.096780208741271245e+00,3.076161214949304057e+00
8.007812500000000000e+00,4.234676149222519115e+00,3.308886161270572668e+00,5.419492002682921417e+00,5.087771115270798283e+00,3.100362608106088658e+00
8.032226562500000000e+00,4.236574904880610504e+00,3.287608941227104786e+00,5.459459213529460619e+00,5.076828815397349537e+00,3.123975719779026772e+00
8.056640625000000000e+00,4.237142748287027416e+00,3.265103402098541441e+00,5.498563585405100262e+00,5.063681085937428605e+00,3.147152174207961117e+00
8.081054687500000000e+00,4.236566152296148857e+00,3.241686614836817082e+00,5.536776035238341720e+00,5.048768386595698487e+00,3.169670302515612548e+00
8.105468750000000000e+00,4.234868381214341504e+00,3.217538062530253651e+00,5.573861088097181060e+00,5.032009845879404253e+00,3.191704829740337868e+00
8.129882812500000000e+00,4.232140946826976169e+00,3.192882968478898853e+00,5.609669120551076027e+00,5.013491171482128195e+00,3.213352785291788916e+00
8.154296875000000000e+00,4.228460946205268911e+00,3.167906052257728700e+00,5.644069514258599263e+00,4.993308386527643528e+00,3.234645085026251810e+00
8.178710937500000000e+00,4.223835867542200972e+00,3.142744634433476847e+00,5.676818040022529210e+00,4.971452562788141627e+00,3.255609675826520277e+00
8.203125000000000000e+00,4.218219485570100957e+00,3.117684037494853566e+00,5.707241469774070097e+00,4.947765980865680646e+00,3.276351442824585902e+00
8.227539062500000000e+00,4.211957668159982404e+00,3.092803112209212557e+00,5.736086894228271227e+00,4.922853019072491065e+00,3.296825756866573531e+00
8.251953125000000000e+00,4.205072584045522532e+00,3.068370783551100267e+00,5.762874399627395228e+00,4.896622304754587596e+00,3.317222825618993731e+00
8.276367187500000000e+00,4.197558489374064727e+00,3.044504273916882831e+00,5.787312378789356337e+00,4.869073663704346799e+00,3.337514915501087476e+00
8.300781250000000000e+00,4.189660497775722803e+00,3.021440955506695669e+00,5.809564159984928366e+00,4.840510919350869301e+00,3.357860796032373862e+00
8.325195312500000000e+00,4.181390785163760171e+00,2.999282032555674160e+00,5.829404740358594239e+00,4.810935880234692874e+00,3.378286164093730726e+00
8.349609375000000000e+00,4.172858025183139752e+00,2.978153007710033773e+00,5.846826557687299086e+00,4.780462198836101351e+00,3.398889831008216067e+00
8.374023437500000000e+00,4.164118313062075138e+00,2.958242793647622104e+00,5.861547727730025414e+00,4.749088605033357169e+00,3.419812809216313365e+00
8.398437500000000000e+00,4.155234061761452047e+00,2.939601555275629163e+00,5.873574967000466884e+00,4.717114764228083956e+00,3.440779010474902755e+00
8.422851562500000000e+00,4.146421764759888440e+00,2.922325070424093951e+00,5.883265220997282441e+00,4.684607282184836130e+00,3.462203781629178412e+00
8.447265625000000000e+00,4.137701790568074856e+00,2.906521791362159046e+00,5.890400050861684278e+00,4.651663091105796788e+00,3.484013106635057699e+00
8.471679687500000000e+00,4.129122229775227026e+00,2.892251281226323023e+00,5.894940906100953448e+00,4.618353528957033660e+00,3.506230036366515979e+00
8.496093750000000000e+00,4.120766040345023917e+00,2.879598766125917031e+00,5.896902359805457294e+00,4.584784720769287780e+00,3.528911353096559012e+00
8.520507812500000000e+00,4.112639914551874831e+00,2.868662500266049964e+00,5.896060294718046713e+00,4.550927925519278716e+00,3.552108572322896674e+00
8.544921875000000000e+00,4.104876229499509144e+00,2.859368348237448121e+00,5.892912981951651474e+00,4.517091803240136372e+00,3.575715040661898936e+00
8.569335937500000000e+00,4.097424258936073649e+00,2.851846263428096329e+00,5.887023355016532733e+00,4.483295939361603644e+00,3.599618093863976576e+00
8.593750000000000000e+00,4.090517395261011657e+00,2.846094394824599139e+00,5.879050459942361861e+00,4.449572139941722071e+00,3.624289417672127200e+00
8.618164062500000000e+00,4.084102359632818313e+00,2.842152324136267172e+00,5.868753740715634493e+00,4.416032193207711565e+00,3.649477111153007325e+00
8.642578125000000000e+00,4.078231070728798535e+00,2.840052694947101664e+00,5.856218335613502468e+00,4.382772035402282107e+00,3.675182934307617000e+00
8.666992187500000000e+00,4.072971866092426119e+00,2.839836170532054282e+00,5.841569310976270302e+00,4.349878102655453382e+00,3.701450937072694014e+00
8.691406250000000000e+00,4.068388294420374862e+00,2.841640853105564357e+00,5.824727391601110860e+00,4.317366243753521182e+00,3.728409950191322153e+00
8.715820312500000000e+00,4.064435386623379109e+00,2.845169046960784875e+00,5.806205093395995220e+00,4.285330245414435524e+00,3.755836663522398755e+00
8.740234375000000000e+00,4.061178029670355905e+00,2.850585462887444521e+00,5.785887567100257201e+00,4.253822889682115083e+00,3.783807550634630701e+00
8.764648437500000000e+00,4.058615254143125739e+00,2.857946419982576369e+00,5.763704198927458222e+00,4.222934428334787604e+00,3.812237444303046008e+00
8.789062500000000000e+00,4.056845263325548956e+00,2.867141715233633370e+00,5.740209283385853567e+00,4.192646664951229063e+00,3.841323316117661424e+00
8.813476562500000000e+00,4.055835594475795780e+00,2.878191241482538132e+00,5.715326393997239407e+00,4.163035017941012939e+00,3.870922631227354138e+00
8.837890625000000000e+00,4.055735553352320721e+00,2.891265456718179916e+00,5.689201190608415892e+00,4.134207138575062501e+00,3.901211004312385988e+00
8.862304687500000000e+00,4.056370394051552530e+00,2.906036722365280767e+00,5.662055350885447425e+00,4.106112909369733721e+00,3.931879947429869571e+00
8.886718750000000000e+00,4.057872245647461185e+00,2.922651458485575393e+00,5.634037241829818576e+00,4.078872299112711097e+00,3.963070089783746308e+00
8.911132812500000000e+00,4.060268382451858393e+00,2.941106282446037667e+00,5.605298739434693367e+00,4.052557855460117153e+00,3.994750849003982029e+00
8.935546875000000000e+00,4.063614801719689140e+00,2.961441872456437086e+00,5.575988308377055169e+00,4.027335219730998617e+00,4.026878858229080649e+00
8.959960937500000000e+00,4.067922575238397620e+00,2.983522978477290089e+00,5.546461078902045649e+00,4.003075311230023026e+00,4.059583755810836969e+00
8.984375000000000000e+00,4.073509179407686531e+00,3.007573073510330985e+00,5.517231544885249583e+00,3.980242572775248622e+00,4.093037979798817894e+00
9.008789062500000000e+00,4.080208212954188340e+00,3.033466280530323633e+00,5.488143767382941185e+00,3.958620424099692947e+00,4.127137883136423824e+00
9.033203125000000000e+00,4.087579868568926855e+00,3.060730851835802291e+00,5.458927945888626176e+00,3.937884158128500456e+00,4.161321502078784818e+00
9.057617187500000000e+00,4.095907311602553058e+00,3.089582136623755471e+00,5.430008319368487157e+00,3.918238466637685491e+00,4.195961086002076179e+00
9.082031250000000000e+00,4.105262469604833875e+00,3.119981650147085173e+00,5.401692007884556723e+00,3.899852359571744476e+00,4.231036575237083319e+00
9.106445312500000000e+00,4.115631343310569790e+00,3.151853618668791768e+00,5.374114220822992394e+00,3.882755874743829327e+00,4.266507280418585069e+00
9.130859375000000000e+00,4.127063416592962497e+00,3.185194932337475304e+00,5.347444287210533886e+00,3.867131659627758289e+00,4.302318364637626402e+00
9.155273437500000000e+00,4.139551746553960854e+00,3.219812536181320350e+00,5.322014393645729591e+00,3.852813948509714148e+00,4.338618689879878865e+00
9.179687500000000000e+00,4.153007609192336247e+00,3.255560315762344281e+00,5.297850609157169544e+00,3.839852811143718903e+00,4.375200685772685283e+00
9.204101562500000000e+00,4.167492027457694093e+00,3.292414809238269680e+00,5.275152374539854527e+00,3.828326861668447822e+00,4.412136321317828624e+00
9.228515625000000000e+00,4.182939172990104204e+00,3.330177817672528739e+00,5.254067825472403364e+00,3.818244196158127046e+00,4.449318086776473891e+00
9.252929687500000000e+00,4.199325251500705569e+00,3.368711851848561700e+00,5.234740560613612814e+00,3.809615825848125414e+00,4.486722183846782563e+00
9.277343750000000000e+00,4.216706880532207435e+00,3.407917492663544046e+00,5.217443484064740566e+00,3.802533661042495350e+00,4.524394364907955435e+00
9.301757812500000000e+00,4.234983517888216475e+00,3.447604689572727032e+00,5.202187318931744464e+00,3.797050772570578214e+00,4.562142624078246556e+00
9.326171875000000000e+00,4.254071063391626772e+00,3.487531679992469158e+00,5.189091389823603073e+00,3.792964972254399658e+00,4.600013045361605712e+00
9.350585937500000000e+00,4.274036455233502174e+00,3.527587789415745245e+00,5.178436005327733405e+00,3.790420563063665593e+00,4.638015681215812869e+00
9.375000000000000000e+00,4.294744454799559463e+00,3.567525796687986972e+00,5.170202258706956044e+00,3.789345848494336533e+00,4.676005574791113339e+00
9.399414062500000000e+00,4.316153157295430809e+00,3.607171836427658373e+00,5.164483124729819963e+00,3.789798872855770107e+00,4.713889401806015123e+00
9.423828125000000000e+00,4.338111722121821501e+00,3.646238733784917585e+00,5.161267456032914147e+00,3.791633062531193143e+00,4.751545383180435955e+00
9.448242187500000000e+00,4.360582813153645709e+00,3.684597818245488821e+00,5.160585607529147190e+00,3.794900323215422144e+00,4.788890605060182715e+00
9.472656250000000000e+00,4.383190664416853011e+00,3.721810854185245709e+00,5.162100158589843168e+00,3.799508188107589390e+00,4.825367369371784676e+00
9.497070312500000000e+00,4.406464952857538364e+00,3.758128109740271228e+00,5.166650208234575992e+00,3.805566839018987402e+00,4.861840627263443793e+00
9.521484375000000000e+00,4.429949530507664157e+00,3.793151902099922257e+00,5.173653296610875252e+00,3.812900067292257500e+00,4.897674421622141061e+00
9.545898437500000000e+00,4.453560706495345300e+00,3.826743415387960034e+00,5.183050132570361512e+00,3.821479690001035490e+00,4.932762043769035820e+00
9.570312500000000000e+00,4.477185275353456895e+00,3.858778496323775453e+00,5.194697754467815010e+00,3.831235895218878529e+00,4.966979410617441637e+00
9.594726562500000000e+00,4.500687098454101864e+00,3.889171162677010685e+00,5.208355073847759975e+00,3.842067377830959973e+00,5.000189754788416430e+00
9.619140625000000000e+00,4.523919286861579181e+00,3.917806034414129002e+00,5.223802693207770353e+00,3.853866873068784393e+00,5.032224643912868167e+00
9.643554687500000000e+00,4.546577004729749127e+00,3.944551669076393541e+00,5.240484646707006533e+00,3.866438463025719585e+00,5.062714287909011013e+00
9.667968750000000000e+00,4.568815943013495584e+00,3.969509607163666853e+00,5.258604005760160405e+00,3.879973988108532890e+00,5.091803565411376020e+00
9.692382812500000000e+00,4.590450101447387965e+00,3.992702949473022400e+00,5.277685918673102883e+00,3.894125924593317301e+00,5.119428633624987235e+00
9.716796875000000000e+00,4.611256448176400013e+00,4.014054686714455755e+00,5.297308504845748445e+00,3.908825807445157619e+00,5.145259331916442136e+00
9.741210937500000000e+00,4.631104445111340340e+00,4.033582190101980380e+00,5.317141778878136549e+00,3.923952447010352618e+00,5.169160476881835997e+00
9.765625000000000000e+00,4.649823338959455654e+00,4.051291767387956710e+00,5.336781037982846421e+00,3.939358184816898589e+00,5.190953659177920620e+00
9.790039062500000000e+00,4.667096238191306590e+00,4.067105159008885806e+00,5.355599731246550199e+00,3.954788678337559205e+00,5.210269449349495652e+00
9.814453125000000000e+00,4.683102586783590482e+00,4.081210260770494536e+00,5.373761320054778245e+00,3.970325988894186420e+00,5.227346834694375666e+00
9.838867187500000000e+00,4.697513459059170948e+00,4.093518147775442984e+00,5.390627792876357738e+00,3.985750079461542583e+00,5.241782830615413502e+00
9.863281250000000000e+00,4.710260277115760452e+00,4.104048259330649984e+00,5.406016322476958180e+00,4.000812916696483867e+00,5.253620727895381037e+00
9.887695312500000000e+00,4.721197446072037174e+00,4.112801773188877519e+00,5.419591449824412877e+00,4.015423661798545041e+00,5.262667854398087819e+00
9.912109375000000000e+00,4.730161322711813554e+00,4.119733550596225591e+00,5.431037193082705272e+00,4.029398689264468203e+00,5.268759715362508977e+00
9.936523437500000000e+00,4.737102582842612541e+00,4.124868576212914917e+00,5.440207479525730250e+00,4.042642786425062695e+00,5.271867395350536611e+00
9.960937500000000000e+00,4.741691811833066872e+00,4.128026379667288914e+00,5.446583711080084989e+00,4.054886532379098796e+00,5.271599826237858721e+00
9.985351562500000000e+00,4.744142355348493822e+00,4.129388470341956996e+00,5.450416411403344874e+00,4.066127916146384358e+00,5.268314268028088776e+00
1.000976562500000000e+01,4.744216246110488200e+00,4.128797636194705412e+00,5.451366178024348308e+00,4.076153536195865179e+00,5.261738870651716304e+00
1.003417968750000000e+01,4.741817243332952181e+00,4.126246496109692075e+00,5.449221414757666082e+00,4.084849714905197438e+00,5.251780747727665677e+00
1.005859375000000000e+01,4.736993844564978851e+00,4.121709564131459835e+00,5.444127087148350697e+00,4.092066228351320056e+00,5.238606497444778576e+00
1.008300781250000000e+01,4.729659887482414504e+00,4.115176544154665272e+00,5.435898657381980748e+00,4.097685108329687687e+00,5.222143188303472350e+00
1.010742187500000000e+01,4.719612033961144704e+00,4.106491210507617673e+00,5.424275034149505181e+00,4.101560507849503878e+00,5.202122801899832005e+00
1.013183593750000000e+01,4.707134672388013641e+00,4.095826233761894919e+00,5.409681846694643248e+00,4.103686036367542478e+00,5.179043393877407198e+00
1.015625000000000000e+01,4.692171874055079073e+00,4.083168325445742930e+00,5.392008151726172649e+00,4.104017458411001407e+00,5.152826849428803868e+00
1.018066406250000000e+01,4.674695739629461499e+00,4.068450961474282757e+00,5.371277782389948463e+00,4.102436822823374740e+00,5.123500324618612822e+00
1.020507812500000000e+01,4.654697445013696644e+00,4.051707762672187130e+00,5.347426214749433804e+00,4.098896148612968915e+00,5.091084290847878613e+00
1.022949218750000000e+01,4.632365484329569405e+00,4.033009669481002923e+00,5.320793089784334740e+00,4.093382672845965686e+00,5.055898871211423895e+00
1.025390625000000000e+01,4.607549557714082589e+00,4.012305928743430172e+00,5.291100256016588510e+00,4.085788677233828992e+00,5.017762494772322057e+00
1.027832031250000000e+01,4.580619773601747546e+00,3.989801949819465676e+00,5.258927078137485722e+00,4.076259301925445833e+00,4.977213581316535240e+00
1.030273437500000000e+01,4.551563015680757829e+00,3.965504152939606453e+00,5.224235074966626868e+00,4.064778006847104663e+00,4.934241892595239598e+00
1.032714843750000000e+01,4.520451808070984789e+00,3.939453843676858469e+00,5.187136430571774426e+00,4.051327734736742237e+00,4.888988482068250541e+00
1.035156250000000000e+01,4.487449147533173921e+00,3.911814582923791583e+00,5.147789964176969768e+00,4.035981688362000774e+00,4.841695186168043286e+00
1.037597656250000000e+01,4.452721705252391970e+00,3.882709618295619336e+00,5.106416017051784273e+00,4.018825155989439679e+00,4.792594167621626156e+00
1.040039062500000000e+01,4.416303675741794166e+00,3.852178247010854761e+00,5.063041454923496332e+00,3.999864891983896609e+00,4.741752359485380985e+00
1.042480468750000000e+01,4.378331209986848549e+00,3.820336140084433119e+00,5.017826568507459228e+00,3.979126008892559518e+00,4.689394703470599168e+00
1.044921875000000000e+01,4.339168205685653312e+00,3.787403281344922323e+00,4.971316577237376855e+00,3.956932124327092737e+00,4.635920619709555268e+00
1.047363281250000000e+01,4.298849414060234686e+00,3.753472265181399870e+00,4.923469518129743427e+00,3.933266647101422375e+00,4.581421003772244482e+00
1.049804687500000000e+01,4.257542826517931367e+00,3.718699522824027603e+00,4.874465067257886197e+00,3.908250042439955774e+00,4.526109409365013825e+00
1.052246093750000000e+01,4.215416777023197170e+00,3.683209484897163932e+00,4.824525641800352815e+00,3.882017107987672411e+00,4.470201505142465948e+00
1.054687500000000000e+01,4.172581672876016334e+00,3.647102588384387722e+00,4.773772438502581039e+00,3.854641996375248958e+00,4.413846037660613675e+00
1.057128906250000000e+01,4.129095759994994452e+00,3.610480655469093136e+00,4.722205551602238316e+00,3.826164507545359861e+00,4.357135821484710014e+00
1.059570312500000000e+01,4.085389115942718696e+00,3.573617142538336289e+00,4.670451131988933469e+00,3.796971239305511503e+00,4.300526886503329926e+00
1.062011718750000000e+01,4.041472723189101224e+00,3.536558641271014380e+00,4.618473332146241894e+00,3.767050895745946093e+00,4.244073117411883977e+00
1.064453125000000000e+01,3.997481989340418096e+00,3.499432434720382901e+00,4.566415426842745262e+00,3.736544959816420874e+00,4.187914382869166730e+00
1.066894531250000000e+01,3.953547031219291075e+00,3.462367237763154026e+00,4.514406778571791179e+00,3.705562296962850333e+00,4.132214140365146449e+00
1.069335937500000000e+01,3.909857618160958559e+00,3.425511988364926541e+00,4.462686642526714209e+00,3.674288201701466416e+00,4.077174654140148569e+00
1.071777343750000000e+01,3.866497904729597757e+00,3.388921055801845661e+00,4.411376305648738949e+00,3.642817321986548951e+00,4.022880956361420957e+00
1.074218750000000000e+01,3.823380509275266181e+00,3.352531742791239111e+00,4.360357974279817306e+00,3.611076700138030837e+00,3.969250202967770758e+00
1.076660156250000000e+01,3.780985939719355482e+00,3.316747538028709030e+00,4.310202845541907024e+00,3.579462665931146148e+00,3.916838165601198352e+00
1.079101562500000000e+01,3.739197398090038149e+00,3.281441849078389872e+00,4.260809066541928480e+00,3.547952975454525593e+00,3.865449822805177682e+00
1.081542968750000000e+01,3.698123086903728929e+00,3.246716914253922059e+00,4.212290361949546202e+00,3.516635751842026369e+00,3.815228128173603128e+00
1.083984375000000000e+01,3.657873347070224490e+00,3.212670919707680373e+00,4.164770609130477474e+00,3.485626758200862430e+00,3.766285341288733601e+00
1.086425781250000000e+01,3.618482006573327414e+00,3.179312069419085951e+00,4.118316084110397846e+00,3.454992138155831061e+00,3.718632674825272932e+00
1.088867187500000000e+01,3.579924565327954777e+00,3.146622497743583047e+00,4.072894000671733572e+00,3.424776995090816900e+00,3.672195053039161383e+00
1.091308593750000000e+01,3.542454682017390333e+00,3.114803365375036659e+00,4.028820988716240947e+00,3.395147912330304329e+00,3.627298334149888781e+00
1.093750000000000000e+01,3.506084793824349344e+00,3.083888524896182037e+00,3.986081365214120265e+00,3.366118304867011357e+00,3.583967105570292855e+00
1.096191406250000000e+01,3.470733323830207162e+00,3.053747420133684276e+00,3.944658201174391809e+00,3.337734514465386493e+00,3.542004238572459052e+00
1.098632812500000000e+01,3.436465767367571811e+00,3.024474479466572774e+00,3.904578150836969463e+00,3.310004618547492061e+00,3.501538375456147545e+00
1.101074218750000000e+01,3.403254409844029382e+00,2.996019632386974330e+00,3.865842684380263794e+00,3.282948122395816792e+00,3.462503293354853628e+00
1.103515625000000000e+01,3.371148253800714034e+00,2.968438666163584205e+00,3.828490943284769354e+00,3.256636362369508042e+00,3.424926434831415456e+00
1.105957031250000000e+01,3.340163615007496034e+00,2.941751973771927986e+00,3.792533522367210530e+00,3.231141029640237416e+00,3.388785888535075674e+00
1.108398437500000000e+01,3.310357217311248323e+00,2.915967054715940421e+00,3.758089409303080775e+00,3.206436807872468098e+00,3.354201198958068453e+00
1.110839843750000000e+01,3.281682665317169345e+00,2.891066099254008481e+00,3.725076060565366110e+00,3.182570691764754489e+00,3.321052850928391642e+00
1.113281250000000000e+01,3.254139905955576673e+00,2.867061675350234484e+00,3.693477060007433366e+00,3.159517358908771723e+00,3.289366982116947558e+00
1.115722656250000000e+01,3.227655433438620047e+00,2.843858223759160531e+00,3.663248578979829251e+00,3.137297814335957113e+00,3.258978699380452149e+00
1.118164062500000000e+01,3.202237751882383687e+00,2.821482498568164132e+00,3.634375412494875057e+00,3.115908000812301459e+00,3.229909825888206409e+00
1.120605468750000000e+01,3.177861090796738619e+00,2.799925970794827190e+00,3.606810043457343795e+00,3.095392925828105213e+00,3.202086523010165386e+00
1.123046875000000000e+01,3.154528007869161765e+00,2.779168872175026284e+00,3.580583768068442918e+00,3.075682596044823303e+00,3.175552583168028242e+00
1.125488281250000000e+01,3.132174431686185478e+00,2.759179893626418689e+00,3.555591533980996477e+00,3.056777663183525728e+00,3.150199565913684108e+00
1.127929687500000000e+01,3.110790032908157698e+00,2.739936296890532752e+00,3.531839276636787428e+00,3.038679143678673089e+00,3.126005365280744464e+00
1.130371093750000000e+01,3.090351042534098536e+00,2.721482850471090398e+00,3.509215413368646175e+00,3.021347048854815753e+00,3.102966447154414720e+00
1.132812500000000000e+01,3.070745357978182710e+00,2.703649948229161382e+00,3.487684143326573505e+00,3.004759595598960331e+00,3.080875737316576934e+00
1.135253906250000000e+01,3.052017299545118689e+00,2.686520038812056477e+00,3.467239946902300307e+00,2.988965656387697845e+00,3.059776125287066328e+00
1.137695312500000000e+01,3.034081559525092953e+00,2.670024076533621393e+00,3.447778239438771930e+00,2.973955692208468893e+00,3.039518233426286020e+00
1.140136718750000000e+01,3.016951418706873334e+00,2.654171340555910419e+00,3.429317363110032879e+00,2.959640680706583815e+00,3.020195379364629673e+00
1.142578125000000000e+01,3.000562231104623834e+00,2.638918708341002617e+00,3.411766218593247135e+00,2.946028497470108309e+00,3.001679048693806084e+00
1.145019531250000000e+01,2.984884075713564844e+00,2.624235865465101902e+00,3.395096097381229860e+00,2.933105101108214541e+00,2.983923988953820050e+00
1.147460937500000000e+01,2.969862348693027343e+00,2.610106965011581348e+00,3.379203415192346238e+00,2.920840771765900179e+00,2.966851030805599532e+00
1.149902343750000000e+01,2.955573659754678673e+00,2.596616251060934744e+00,3.364153503493833242e+00,2.909294268164393404e+00,2.950551189311493072e+00
1.152343750000000000e+01,2.941858710184622527e+00,2.583599074317229682e+00,3.349797093798800862e+00,2.898393973096522469e+00,2.934777990304108020e+00
1.154785156250000000e+01,2.928692466111818327e+00,2.571018931832406373e+00,3.336124621590004669e+00,2.888058491103463243e+00,2.919556409742074976e+00
1.157226562500000000e+01,2.916085606083248738e+00,2.558919669130486518e+00,3.323103638065899368e+00,2.878347109255458669e+00,2.904843612644228301e+00
1.159667968750000000e+01,2.903978435886569898e+00,2.547235493146700946e+00,3.310683593559886617e+00,2.869210002108749880e+00,2.890574191496622980e+00
1.162109375000000000e+01,2.892364614426076397e+00,2.535992269290726853e+00,3.298816468838790428e+00,2.860648561023369840e+00,2.876729018995828113e+00
1.164550781250000000e+01,2.881239572343881505e+00,2.525161408495567361e+00,3.287529044801226874e+00,2.852668512444745730e+00,2.863286618825840790e+00
1.166992187500000000e+01,2.870675415584130086e+00,2.514856194820689339e+00,3.276838396808089193e+00,2.845333606099927248e+00,2.850326334553579422e+00
1.169433593750000000e+01,2.860480260675602793e+00,2.504855337714727792e+00,3.266594760390364005e+00,2.838486093844534874e+00,2.837622426747758109e+00
1.171875000000000000e+01,2.850711988128702856e+00,2.495225629641058429e+00,3.256843286123875192e+00,2.832185075863898671e+00,2.825217805235314739e+00
1.174316406250000000e+01,2.841349697690907394e+00,2.485950438139036489e+00,3.247557948344214296e+00,2.826415360130532406e+00,2.813085192791013434e+00
1.176757812500000000e+01,2.832391378613959620e+00,2.477040715266268567e+00,3.238719845097223438e+00,2.821176570561678254e+00,2.801215219727253736e+00
1.179199218750000000e+01,2.823861226193037144e+00,2.468523904514052347e+00,3.230348391690468279e+00,2.816488663665630998e+00,2.789636492544535606e+00
1.181640625000000000e+01,2.815750940548713110e+00,2.460387759623953396e+00,3.222440580021725065e+00,2.812344512724616941e+00,2.778330894790435934e+00
1.184082031250000000e+01,2.808307264246367119e+00,2.452904956027220251e+00,3.215203944629070332e+00,2.808918136958456380e+00,2.767615084112074353e+00
1.186523437500000000e+01,2.801114666047646473e+00,2.445606369336397634e+00,3.208301822699395789e+00,2.805923643388938515e+00,2.756935577312408903e+00
1.188964843750000000e+01,2.794358407162686131e+00,2.438711107129351241e+00,3.201871219946273328e+00,2.803480777756643061e+00,2.746540771662951297e+00
1.191406250000000000e+01,2.788021534332999263e+00,2.432219044580400613e+00,3.195873370544024095e+00,2.801574537266578346e+00,2.736410285183566327e+00
1.193847656250000000e+01,2.782105975763383032e+00,2.426118976790655246e+00,3.190327322948187216e+00,2.800209471483444901e+00,2.726536276385752799e+00
1.196289062500000000e+01,2.776515476236393276e+00,2.420337247979445827e+00,3.185109098418366980e+00,2.799261481665779705e+00,2.716846745921439599e+00
1.198730468750000000e+01,2.771471468660652082e+00,2.415073923708523473e+00,3.180463349877592272e+00,2.798973742775558105e+00,2.707538485935231165e+00
1.201171875000000000e+01,2.767039119016115212e+00,2.410402515616272723e+00,3.176442704718935417e+00,2.799385488252892795e+00,2.698700928044662994e+00
1.203613281250000000e+01,2.763168870989972437e+00,2.406250918955171070e+00,3.173028277916781104e+00,2.800442071366175956e+00,2.690283123158415890e+00
1.206054687500000000e+01,2.759688992630286108e+00,2.402479383758802545e+00,3.170009860450632377e+00,2.801978627550888223e+00,2.682102443568541883e+00
1.208496093750000000e+01,2.756750964398147374e+00,2.399238609168037328e+00,3.167536505402181568e+00,2.804109754846383584e+00,2.674345426656206115e+00
1.210937500000000000e+01,2.754345649979628607e+00,2.396512116003724824e+00,3.165608848334281245e+00,2.806821748789558146e+00,2.667008286597454259e+00
1.213378906250000000e+01,2.752498091303906769e+00,2.394340654847074923e+00,3.164230506337679660e+00,2.810120592569307796e+00,2.660131517500457399e+00
1.215820312500000000e+01,2.751289116471240970e+00,2.392809323129859500e+00,3.163474719545086966e+00,2.814080154589847282e+00,2.653805626990463296e+00
1.218261718750000000e+01,2.750623034196492789e+00,2.391804383209364282e+00,3.163271682820576913e+00,2.818584675300295661e+00,2.647950476072161941e+00
1.220703125000000000e+01,2.750644533218830734e+00,2.391492955003237775e+00,3.163733069879101745e+00,2.823763261963909699e+00,2.642732195524872818e+00
1.223144531250000000e+01,2.751206075269079676e+00,2.391713640189160550e+00,3.164732910081513584e+00,2.829472521421821707e+00,2.637993970135464661e+00
1.225585937500000000e+01,2.752438022044232380e+00,2.392597933301097601e+00,3.166397061432792537e+00,2.835816340297524274e+00,2.633896917290507567e+00
1.228027343750000000e+01,2.754341938872503004e+00,2.394166970762439561e+00,3.168701100999650411e+00,2.842782298116940609e+00,2.630459155615714195e+00
1.230468750000000000e+01,2.756984848150410894e+00,2.396466196620521849e+00,3.171739064648508855e+00,2.850424914634492435e+00,2.627763813467734355e+00
1.232910156250000000e+01,2.760274912396587510e+00,2.399421643942994731e+00,3.175397542670079787e+00,2.858624388508893777e+00,2.625746106809694336e+00
1.235351562500000000e+01,2.764261924586428609e+00,2.403064488611665439e+00,3.179749866859720608e+00,2.867433188976673986e+00,2.624460132533914525e+00
1.237792968750000000e+01,2.768970129789926293e+00,2.407424124711956104e+00,3.184812971244195712e+00,2.876853110438712058e+00,2.623954998963047736e+00
1.240234375000000000e+01,2.774469865748427466e+00,2.412576800745796390e+00,3.190647872252823536e+00,2.886931750007308395e+00,2.624333494245469467e+00
1.242675781250000000e+01,2.780655799581740695e+00,2.418420486101921618e+00,3.197147361338432248e+00,2.897553764364432904e+00,2.625499045627762484e+00
1.245117187500000000e+01,2.787601894937470348e+00,2.425009303318716114e+00,3.204410108457912632e+00,2.908779476495892968e+00,2.627545201917988571e+00
1.247558593750000000e+01,2.795351043054855822e+00,2.432386828195142847e+00,3.212477293221462027e+00,2.920630680499558540e+00,2.630545666252071868e+00
1.250000000000000000e+01,2.803811991498024181e+00,2.440463722076234188e+00,3.221257342428360815e+00,2.932999886103093701e+00,2.634427169125575396e+00
1.252441406250000000e+01,2.813030806031712405e+00,2.449289134090754327e+00,3.230791418433744511e+00,2.945909096419733864e+00,2.639268184589294908e+00
1.254882812500000000e+01,2.823028389396048610e+00,2.458876165002872760e+00,3.241110471834899087e+00,2.959408511638631278e+00,2.645064308984302226e+00
1.257324218750000000e+01,2.833768125579617880e+00,2.469199498227114820e+00,3.252164029401728662e+00,2.973412808248582895e+00,2.651841661919589921e+00
1.259765625000000000e+01,2.845274933832365960e+00,2.480245647660328512e+00,3.264027277593059218e+00,2.987946868410635837e+00,2.659621422411795777e+00
1.262207031250000000e+01,2.857592609554362895e+00,2.492066984067113466e+00,3.276731955596503099e+00,3.003023729210616111e+00,2.668489694651111410e+00
1.264648437500000000e+01,2.870563401747905363e+00,2.504514590220312531e+00,3.290112293867552218e+00,3.018489614795196285e+00,2.678288206952645911e+00
1.267089843750000000e+01,2.884263182058763864e+00,2.517664745023164841e+00,3.304242202947955676e+00,3.034408209376981969e+00,2.689111197266688347e+00
1.269531250000000000e+01,2.898687899024018133e+00,2.531492320783768069e+00,3.319145575502609358e+00,3.050754514383946514e+00,2.700983220445067889e+00
1.271972656250000000e+01,2.913838340117247405e+00,2.546001827191417988e+00,3.334818452076032447e+00,3.067523297900772494e+00,2.713914008842718051e+00
1.274414062500000000e+01,2.929692281018911881e+00,2.561146078801122883e+00,3.351271890543454646e+00,3.084672418211965805e+00,2.727905733080740802e+00
1.276855468750000000e+01,2.946217935004307176e+00,2.576930174018777997e+00,3.368426590699617584e+00,3.102164102654174638e+00,2.742944550435840956e+00
1.279296875000000000e+01,2.963484200937029467e+00,2.593378268508909734e+00,3.386408653085855924e+00,3.120041771541862907e+00,2.759122672083654582e+00
1.281738281250000000e+01,2.981359328145999577e+00,2.610351490499608129e+00,3.405098307976122562e+00,3.138207101766711027e+00,2.776272110027971252e+00
1.284179687500000000e+01,2.999871338145811528e+00,2.627885721093611515e+00,3.424512707380462206e+00,3.156647289129808520e+00,2.794470943483023273e+00
1.286621093750000000e+01,3.018982203626444427e+00,2.645943486656829435e+00,3.444613836907421511e+00,3.175326436595878210e+00,2.813679934977340480e+00
1.289062500000000000e+01,3.038679692499540508e+00,2.664514262013007340e+00,3.465387446128080473e+00,3.194217009400176277e+00,2.833903250954995290e+00
1.291503906250000000e+01,3.058944571173951132e+00,2.683559472023781201e+00,3.486839768994569155e+00,3.213289575000352283e+00,2.855135669416732025e+00
1.293945312500000000e+01,3.079797947934050484e+00,2.703121695551967019e+00,3.508963512707094612e+00,3.232517870651438141e+00,2.877458660036166016e+00
1.296386718750000000e+01,3.101143002049691066e+00,2.723049112331736410e+00,3.531735022923142786e+00,3.251889642834726146e+00,2.900660767993471723e+00
1.298828125000000000e+01,3.122972579030802720e+00,2.743359828767880426e+00,3.555114289822721041e+00,3.271356355684171380e+00,2.924791199719923185e+00
1.301269531250000000e+01,3.145267066219719521e+00,2.764035980684512062e+00,3.579079645481487937e+00,3.290895093496834178e+00,2.949830819177736263e+00
1.303710937500000000e+01,3.168008413307759508e+00,2.785042794726214410e+00,3.603634861838944659e+00,3.310475740731556815e+00,2.975770995262900787e+00
1.306152343750000000e+01,3.191161169632360739e+00,2.806343696118036135e+00,3.628746409306899512e+00,3.330067108930357289e+00,3.002570587835857729e+00
1.308593750000000000e+01,3.214691757830858698e+00,2.827908857140495780e+00,3.654376297090198289e+00,3.349636854763896832e+00,3.030189572309198720e+00
1.311035156250000000e+01,3.238626960823871581e+00,2.849788594494927274e+00,3.680520236356057850e+00,3.369209348639425894e+00,3.058660972953317625e+00
1.313476562500000000e+01,3.262811028882619535e+00,2.871799327310881722e+00,3.707061182498006868e+00,3.388634130510715270e+00,3.087816740149335271e+00
1.315917968750000000e+01,3.287283830187736733e+00,2.893964090198248851e+00,3.734059802889082569e+00,3.407967245917130406e+00,3.117668405716361058e+00
1.318359375000000000e+01,3.312022683430259740e+00,2.916288409334086396e+00,3.761457275777941867e+00,3.427187854440396642e+00,3.148189481414614299e+00
1.320800781250000000e+01,3.336990211473272794e+00,2.938727233920253479e+00,3.789226690703684675e+00,3.446257884811812389e+00,3.179341506918900606e+00
1.323242187500000000e+01,3.362138139970252571e+00,2.961230578075878306e+00,3.817322756266964934e+00,3.465144675911628891e+00,3.211052823241224985e+00
1.325683593750000000e+01,3.387520110034257126e+00,2.983870046442704371e+00,3.845774888744590392e+00,3.483888492240480250e+00,3.243388902745534264e+00
1.328125000000000000e+01,3.412959479007644958e+00,3.006446879021792640e+00,3.874438123828796599e+00,3.502351767507431379e+00,3.276124892407178635e+00
1.330566406250000000e+01,3.438483533230403122e+00,3.029031592702430498e+00,3.903283490598486782e+00,3.520574043377082241e+00,3.309274119854221041e+00
1.333007812500000000e+01,3.464058615940685648e+00,3.051545333851587660e+00,3.932336171302152295e+00,3.538525862744648087e+00,3.342787704322759179e+00
1.335449218750000000e+01,3.489650704459544173e+00,3.073986717151763859e+00,3.961520708982873895e+00,3.556188013655382729e+00,3.376615224876287957e+00
1.337890625000000000e+01,3.515231882527757534e+00,3.096327593355422181e+00,3.990810021025194221e+00,3.573554608439410973e+00,3.410701643413264428e+00
1.340332031250000000e+01,3.540765437220290135e+00,3.118537508321224561e+00,4.020160042315071180e+00,3.590606627060124012e+00,3.444987409567224379e+00
1.342773437500000000e+01,3.566244679026723485e+00,3.140641980387716359e+00,4.049522737741775735e+00,3.607357813678361058e+00,3.479443911559832792e+00
1.345214843750000000e+01,3.591571179086772148e+00,3.162515860008987545e+00,4.078835998125267537e+00,3.623726124018816552e+00,3.513945290589338022e+00
1.347656250000000000e+01,3.616745602619684252e+00,3.184170358203513462e+00,4.108086968515385351e+00,3.639724129170688993e+00,3.548480513871731912e+00
1.350097656250000000e+01,3.641720151881574719e+00,3.205609783762698228e+00,4.137161588349492547e+00,3.655354661710416675e+00,3.582953604602014508e+00
1.352539062500000000e+01,3.666531071864324254e+00,3.226816949717887351e+00,4.166164461892354787e+00,3.670623765266939120e+00,3.617418203538040000e+00
1.354980468750000000e+01,3.691118819167406695e+00,3.247764701264109100e+00,4.194995447764075180e+00,3.685490067917655654e+00,3.651799690438447321e+00
1.357421875000000000e+01,3.715449956456723157e+00,3.268452227923045239e+00,4.223579668994107195e+00,3.699986637822416213e+00,3.685996293636894627e+00
1.359863281250000000e+01,3.739467712896537677e+00,3.288770805571328282e+00,4.251928639145900135e+00,3.714097993380469198e+00,3.719905447317142233e+00
1.362304687500000000e+01,3.763157546054208602e+00,3.308765880645352819e+00,4.279950660535297047e+00,3.727808791296513213e+00,3.753513831349472696e+00
1.364746093750000000e+01,3.786483780769716478e+00,3.328396820405429946e+00,4.307617209021875837e+00,3.741102686346043260e+00,3.786768252217747932e+00
1.367187500000000000e+01,3.809393743667880639e+00,3.347630354899693739e+00,4.334851568380764242e+00,3.753961650666088889e+00,3.819584748711045918e+00
1.369628906250000000e+01,3.831987559454914205e+00,3.366535472110766758e+00,4.361792346305057855e+00,3.766480870348932530e+00,3.852058277008555631e+00
1.372070312500000000e+01,3.854164715796544627e+00,3.385037515442619327e+00,4.388307541267740142e+00,3.778604355272040305e+00,3.884049380754411196e+00
1.374511718750000000e+01,3.875927146432379899e+00,3.403168713178575722e+00,4.414359824794014564e+00,3.790353033004766559e+00,3.915548446060177934e+00
1.376953125000000000e+01,3.897240411016644757e+00,3.420856531490402475e+00,4.439964868869799908e+00,3.801703127585453146e+00,3.946501116094720096e+00
1.379394531250000000e+01,3.918097056062614048e+00,3.438135709403137952e+00,4.465060671904526934e+00,3.812676600207562494e+00,3.976879282118702452e+00
1.381835937500000000e+01,3.938471028313832889e+00,3.454961611526107035e+00,4.489645844144630082e+00,3.823279369750656187e+00,4.006625059490028562e+00
1.384277343750000000e+01,3.958357897737361686e+00,3.471334929626595400e+00,4.513709441533256594e+00,3.833526553046842977e+00,4.035719862042803641e+00
1.386718750000000000e+01,3.977667556766532719e+00,3.487209925431437263e+00,4.537105459802670104e+00,3.843311251934068196e+00,4.064092332748510117e+00
1.389160156250000000e+01,3.996560720201151273e+00,3.502701719283129123e+00,4.560050746634432883e+00,3.852847083637384262e+00,4.091852267801650456e+00
1.391601562500000000e+01,4.014912607487726603e+00,3.517690435079321887e+00,4.582416657536383831e+00,3.862006019024834202e+00,4.118875049080759965e+00
1.394042968750000000e+01,4.032743913588088702e+00,3.532218363733666600e+00,4.604195380319365150e+00,3.870833536843800715e+00,4.145168462306921597e+00
1.396484375000000000e+01,4.050047106379990325e+00,3.546272713733790827e+00,4.625386395234873937e+00,3.879330782417229617e+00,4.170714736581999205e+00
1.398925781250000000e+01,4.066777919942738073e+00,3.559828700774882115e+00,4.645920924940501351e+00,3.887473676481731477e+00,4.195453320118383012e+00
1.401367187500000000e+01,4.082975181708055956e+00,3.572897410528474982e+00,4.665873216879780294e+00,3.895315725055060518e+00,4.219418181959227354e+00
1.403808593750000000e+01,4.098562862908408100e+00,3.585432141009685658e+00,4.685130517204951772e+00,3.902779519438733580e+00,4.242534458599267033e+00
1.406250000000000000e+01,4.113663683027093398e+00,3.597531102778708245e+00,4.703845057513309058e+00,3.910057194801307645e+00,4.264858877650982372e+00
1.408691406250000000e+01,4.128273177910402048e+00,3.609180607099036653e+00,4.722024549819598072e+00,3.917083130667339486e+00,4.286445609330950646e+00
1.411132812500000000e+01,4.142341534320768126e+00,3.620350989486184723e+00,4.739593878270407679e+00,3.923840169636532593e+00,4.307222394603552829e+00
1.413574218750000000e+01,4.155881420300860718e+00,3.631060106819155475e+00,4.756558655464331764e+00,3.930360160877429010e+00,4.327184967914364577e+00
1.416015625000000000e+01,4.168901043335520029e+00,3.641300961991122520e+00,4.772946837006426968e+00,3.936644568567171820e+00,4.346350074206037029e+00
1.418457031250000000e+01,4.181392374718191363e+00,3.651051416943810413e+00,4.788769095447804602e+00,3.942707933082249205e+00,4.364691991444208163e+00
1.420898437500000000e+01,4.193224833618899083e+00,3.660238096463742430e+00,4.803822604399915264e+00,3.948492312357799516e+00,4.382028599679932412e+00
1.423339843750000000e+01,4.204666328868183811e+00,3.669040464767231668e+00,4.818485679535681854e+00,3.954148106378995386e+00,4.398717961609590610e+00
1.425781250000000000e+01,4.215567553449377058e+00,3.677360980794491585e+00,4.832544286651931920e+00,3.959577700790185784e+00,4.414573313438752145e+00
1.428222656250000000e+01,4.225969188691941270e+00,3.685239575066270312e+00,4.846039238426575579e+00,3.964832045346572187e+00,4.429628936267024031e+00
1.430664062500000000e+01,4.235907177362134846e+00,3.692692598815339178e+00,4.859031488563210210e+00,3.969909043899613632e+00,4.443958308906877264e+00
1.433105468750000000e+01,4.245363611592288144e+00,3.699710891360603160e+00,4.871492050019007536e+00,3.974836886655445323e+00,4.457504118178200692e+00
1.435546875000000000e+01,4.254273572272316173e+00,3.706236996489171265e+00,4.883347623176621077e+00,3.979645780010137468e+00,4.470122709784241977e+00
1.437988281250000000e+01,4.262756362034825663e+00,3.712371687986605551e+00,4.894739355132680991e+00,3.984300274648571616e+00,4.482066169601147898e+00
1.440429687500000000e+01,4.270689663995598906e+00,3.718022779609759798e+00,4.905507923776940338e+00,3.988810521833663802e+00,4.493102045290988222e+00
1.442871093750000000e+01,4.278279846649498452e+00,3.723337082561810174e+00,4.915933755225182722e+00,3.993293272244693881e+00,4.503512026739955765e+00
1.445312500000000000e+01,4.285350291575229953e+00,3.728160983076922896e+00,4.925813881123652926e+00,3.997614498153803098e+00,4.513089103480132813e+00
1.447753906250000000e+01,4.291959758750055087e+00,3.732570999326387806e+00,4.935182364663453392e+00,4.001815576882159498e+00,4.521905407303001390e+00
1.450195312500000000e+01,4.298110465296311133e+00,3.736548823871247649e+00,4.944068562377289311e+00,4.005930907158315790e+00,4.529937024330825679e+00
1.452636718750000000e+01,4.303710853386577107e+00,3.740030926362191810e+00,4.952345976340121858e+00,4.009935879197961128e+00,4.537041617065074917e+00
1.455078125000000000e+01,4.308940264135457276e+00,3.743161473343869616e+00,4.960236509193754806e+00,4.013872619565939104e+00,4.543510434716958812e+00
1.457519531250000000e+01,4.313587436630620608e+00,3.745771715037621519e+00,4.967477462323313553e+00,4.017654761685866660e+00,4.549029473650755051e+00
1.459960937500000000e+01,4.317892177523782848e+00,3.748040470147219860e+00,4.974384082888184011e+00,4.021423064654169544e+00,4.553921092091334444e+00
1.462402343750000000e+01,4.321749485001644686e+00,3.749889927514873822e+00,4.980817829895594073e+00,4.025121643363348767e+00,4.558042708417648470e+00
1.464843750000000000e+01,4.325155847489085659e+00,3.751320864173478764e+00,4.986769669245742165e+00,4.028759419752204529e+00,4.561377161444679196e+00
1.467285156250000000e+01,4.328010380497572029e+00,3.752246781189031655e+00,4.992122039414194745e+00,4.032322389514455097e+00,4.563752977278880074e+00
1.469726562500000000e+01,4.330519992922718941e+00,3.752844436286037144e+00,4.997117180711730278e+00,4.035848828247684317e+00,4.565520690306010820e+00
1.472167968750000000e+01,4.332516904046324058e+00,3.752962044542018205e+00,5.001570093453414856e+00,4.039266924738073250e+00,4.566428201573916823e+00
1.474609375000000000e+01,4.334053481947589326e+00,3.752646027986129340e+00,5.005539942828695743e+00,4.042619392155737401e+00,4.566536066642948200e+00
1.477050781250000000e+01,4.335033864474347354e+00,3.751843457925073455e+00,5.008875987734425550e+00,4.045872582581877097e+00,4.565697096682807654e+00
1.479492187500000000e+01,4.335642275397968426e+00,3.750672359183272686e+00,5.011846447795664794e+00,4.049102140374400527e+00,4.564184094927722590e+00
1.481933593750000000e+01,4.335784566573471110e+00,3.749069381882783158e+00,5.014318459557511432e+00,4.052256125856451341e+00,4.561867814818306499e+00
1.484375000000000000e+01,4.335343630222642908e+00,3.746933895623545396e+00,5.016155853207077797e+00,4.055287162612398966e+00,4.558573788741447252e+00
1.486816406250000000e+01,4.334536613576333686e+00,3.744458652708082980e+00,5.017603182998349176e+00,4.058294527671693963e+00,4.554610943940878620e+00
1.489257812500000000e+01,4.333259144630105197e+00,3.741546642472157291e+00,5.018548907388145075e+00,4.061232757956641848e+00,4.549825360170125954e+00
1.491699218750000000e+01,4.331488737063592609e+00,3.738170714587277121e+00,5.018977492412409092e+00,4.064082548767614433e+00,4.544188928366645897e+00
1.494140625000000000e+01,4.329160638324452748e+00,3.734322609380733127e+00,5.018750063355058799e+00,4.066835877211190109e+00,4.537588231994850396e+00
1.496582031250000000e+01,4.326409430511586329e+00,3.730050177105315168e+00,5.018114414467595097e+00,4.069507227971931762e+00,4.530257719021784979e+00
1.499023437500000000e+01,4.323039564112255206e+00,3.725231602058218350e+00,5.016780986866494096e+00,4.072004573688269069e+00,4.521911440748234590e+00
1.501464843750000000e+01,4.319285861347315070e+00,3.720044640922579138e+00,5.015055504121055385e+00,4.074475840687308725e+00,4.512852168474819514e+00
1.503906250000000000e+01,4.315020171765471702e+00,3.714409160994899928e+00,5.012748535693289043e+00,4.076829466439813920e+00,4.502919968145118190e+00
1.506347656250000000e+01,4.310276932330094901e+00,3.708335667788787315e+00,5.009925987755835308e+00,4.079113112678574460e+00,4.492131209051794194e+00
1.508789062500000000e+01,4.305013431685257075e+00,3.701779081699554386e+00,5.006549617888480519e+00,4.081264326616826033e+00,4.480458970758305348e+00
1.511230468750000000e+01,4.299202913057814435e+00,3.694747047888208069e+00,5.002546980370181195e+00,4.083238366340708581e+00,4.467887282663678405e+00
1.513671875000000000e+01,4.292790362820001704e+00,3.687204908155640393e+00,4.997836995269700822e+00,4.085047377484981368e+00,4.454298058700016050e+00
1.516113281250000000e+01,4.285799947573701196e+00,3.679131168920155570e+00,4.992505117998788045e+00,4.086646675268417184e+00,4.439775397562212511e+00
1.518554687500000000e+01,4.278401971618563948e+00,3.670685231329429143e+00,4.986731979772645040e+00,4.088134476866049027e+00,4.424538441832582158e+00
1.520996093750000000e+01,4.270470694342836993e+00,3.661777869822767872e+00,4.980345777261379503e+00,4.089450218169024431e+00,4.408405380853010591e+00
1.523437500000000000e+01,4.262009775747714002e+00,3.652397935046240107e+00,4.973370276625979969e+00,4.090576249153276223e+00,4.391392066075629153e+00
1.525878906250000000e+01,4.253014162941084919e+00,3.642560595563142378e+00,4.965773113619547985e+00,4.091490473169549169e+00,4.373504964236689219e+00
1.528320312500000000e+01,4.243510985740380548e+00,3.632284730549132146e+00,4.957591935084042944e+00,4.092199260271930150e+00,4.354783306934121967e+00
1.530761718750000000e+01,4.233278764329430288e+00,3.621418071909177971e+00,4.948517056213536769e+00,4.092557378795667056e+00,4.334937123335535603e+00
1.533203125000000000e+01,4.222718914845350113e+00,3.610238533966233732e+00,4.939107171459674817e+00,4.092777950507322515e+00,4.314523199807377196e+00
1.535644531250000000e+01,4.211639552902183503e+00,3.598631125076344528e+00,4.929070834731302142e+00,4.092729612850763310e+00,4.293294453206055294e+00
1.538085937500000000e+01,4.200047330683611690e+00,3.586583489376642842e+00,4.918440524870780095e+00,4.092418478070852572e+00,4.271253425388253255e+00
1.540527343750000000e+01,4.187966794368707113e+00,3.574129838830589989e+00,4.907226838875406116e+00,4.091850394976582983e+00,4.248435551942499444e+00
1.542968750000000000e+01,4.175374110826041374e+00,3.561259441954644167e+00,4.895388625712597808e+00,4.090963762818749849e+00,4.224849109707358608e+00
1.545410156250000000e+01,4.162320789869285775e+00,3.548012795104876105e+00,4.882990946842390656e+00,4.089808837749816739e+00,4.200535813279409503e+00
1.547851562500000000e+01,4.148707883575599276e+00,3.534327913459999859e+00,4.869886870907945919e+00,4.088289044777450698e+00,4.175396374280445855e+00
1.550292968750000000e+01,4.134649540786268673e+00,3.520311615525030913e+00,4.856197033731756818e+00,4.086448682065578986e+00,4.149603372672719281e+00
1.552734375000000000e+01,4.120186592613879206e+00,3.505955921368641537e+00,4.842028233865576681e+00,4.084324254172918778e+00,4.123193311240409997e+00
1.555175781250000000e+01,4.105280062535438645e+00,3.491268440998441580e+00,4.827278302046352110e+00,4.081860021808841665e+00,4.096143105534433282e+00
1.557617187500000000e+01,4.089950941033960952e+00,3.476258509135725205e+00,4.811983532324659585e+00,4.079060040140067400e+00,4.068484187207756619e+00
1.560058593750000000e+01,4.074195520480379251e+00,3.460927346106409619e+00,4.796133370952317065e+00,4.075905210473008466e+00,4.040225394634161304e+00
1.562500000000000000e+01,4.057970917516139586e+00,3.445239310095179697e+00,4.779676093662082792e+00,4.072354914042725760e+00,4.011317540469473641e+00
1.564941406250000000e+01,4.041418751722090086e+00,3.429315649404955479e+00,4.762776949274121208e+00,4.068460144330809491e+00,3.981987863610783940e+00
1.567382812500000000e+01,4.024459093300007950e+00,3.413119462528436010e+00,4.745298596037696548e+00,4.064135745822040846e+00,3.952161490428535373e+00
1.569824218750000000e+01,4.007166057517544289e+00,3.396670722259738540e+00,4.727387823403158329e+00,4.059469928478813827e+00,3.921893035129608851e+00
1.572265625000000000e+01,3.989508291060330780e+00,3.379967959808080735e+00,4.708972568291110328e+00,4.054398462931629865e+00,3.891181681635946354e+00
1.574707031250000000e+01,3.971509749276408208e+00,3.363039547265452622e+00,4.690069642928455629e+00,4.048919588466429076e+00,3.860078819849803278e+00
1.577148437500000000e+01,3.953178978950512956e+00,3.345871993598043659e+00,4.670717848596106059e+00,4.043020168092962940e+00,3.828613126332046424e+00
1.579589843750000000e+01,3.934471710910250497e+00,3.328463087608537485e+00,4.650815477444661283e+00,4.036655298306197182e+00,3.796742099273329618e+00
1.582031250000000000e+01,3.915518291103918802e+00,3.310891964864773218e+00,4.630559876512167605e+00,4.029906231227873725e+00,3.764644918476750313e+00
1.584472656250000000e+01,3.896287865946130413e+00,3.293144612898556645e+00,4.609897504913092803e+00,4.022725487114644949e+00,3.732308238321623506e+00
1.586914062500000000e+01,3.876943140982395786e+00,3.275407778525311286e+00,4.588951707618438292e+00,4.015223491368442588e+00,3.699957474126150281e+00
1.589355468750000000e+01,3.857273696122645923e+00,3.257429982328152729e+00,4.567576416843086129e+00,4.007255213555427353e+00,3.667306081235711002e+00
1.591796875000000000e+01,3.837409640937812672e+00,3.239353527588591408e+00,4.545880104455424231e+00,3.998891720910680014e+00,3.634553643402311351e+00
1.594238281250000000e+01,3.817285833667060757e+00,3.221133621840811756e+00,4.523771083916666491e+00,3.990079176983603926e+00,3.601628162022452617e+00
1.596679687500000000e+01,3.797063941798721753e+00,3.202885074658009756e+00,4.501471093104240317e+00,3.980921428528608086e+00,3.568751932437895569e+00
1.599121093750000000e+01,3.776674018434575508e+00,3.184562208301049857e+00,4.478878322533430989e+00,3.971358063094601043e+00,3.535852944182692248e+00
1.601562500000000000e+01,3.756137292000659045e+00,3.166170844547243846e+00,4.456034765355671112e+00,3.961394849331895784e+00,3.502970951897196539e+00
1.604003906250000000e+01,3.735482864714471773e+00,3.147752749252154203e+00,4.432950534596658443e+00,3.951033667782526404e+00,3.470175012889885391e+00
1.606445312500000000e+01,3.714685451113409975e+00,3.129255103664329241e+00,4.409639848331720735e+00,3.940283744021716217e+00,3.437399805200993530e+00
1.608886718750000000e+01,3.693701659520014502e+00,3.110645640801571687e+00,4.386045061058506889e+00,3.929073386607115914e+00,3.404646155720409073e+00
1.611328125000000000e+01,3.672720706989525574e+00,3.092082857672134200e+00,4.362391957925960462e+00,3.917567053258322662e+00,3.372127123294317741e+00
1.613769531250000000e+01,3.651661007338509179e+00,3.073509458113534709e+00,4.338567456597662186e+00,3.905678596819146975e+00,3.339779724534734928e+00
1.616210937500000000e+01,3.630543481952956064e+00,3.054929992583074849e+00,4.314614739569242907e+00,3.893430721108366743e+00,3.307627858038932889e+00
1.618652343750000000e+01,3.609383424362460513e+00,3.036355411705202290e+00,4.290554608278290161e+00,3.880830775372635877e+00,3.275703009175555902e+00
1.621093750000000000e+01,3.588186582598478669e+00,3.017775003539161283e+00,4.266415798540386106e+00,3.867885418910023798e+00,3.244017351295391816e+00
1.623535156250000000e+01,3.567006587573842591e+00,2.999260123787493626e+00,4.242224905697004722e+00,3.854632347177703089e+00,3.212652571934579093e+00
1.625976562500000000e+01,3.545718784810627522e+00,2.980676666848085521e+00,4.217875035152113483e+00,3.840958586237336991e+00,3.181474862810825588e+00
1.628417968750000000e+01,3.524540881937637593e+00,2.962206177205767954e+00,4.193627210705403563e+00,3.827081014367630374e+00,3.150706591604486295e+00
1.630859375000000000e+01,3.503397436286803668e+00,2.943774852091071814e+00,4.169406361992128218e+00,3.812919075853477668e+00,3.120290265079959546e+00
1.633300781250000000e+01,3.482300812785479760e+00,2.925414151528806350e+00,4.145197337063953213e+00,3.798484022737117716e+00,3.090244699197770561e+00
1.635742187500000000e+01,3.461248382043833782e+00,2.907087953929945456e+00,4.121045029272531579e+00,3.783779678509764821e+00,3.060568623041552971e+00
1.638183593750000000e+01,3.440275493232887172e+00,2.888840191820615022e+00,4.096971339172547744e+00,3.768846619387310248e+00,3.031299398817577817e+00
1.640625000000000000e+01,3.419342009693853601e+00,2.870648779615623702e+00,4.072911971078095661e+00,3.753627507829046639e+00,3.002430408330102107e+00
1.643066406250000000e+01,3.398548180033482247e+00,2.852568562317099765e+00,4.049027912803922824e+00,3.738239291350898608e+00,2.974036389153320581e+00
1.645507812500000000e+01,3.377860306863863737e+00,2.834559024362303781e+00,4.025296405762215812e+00,3.722658695774489157e+00,2.946083665454465539e+00
1.647949218750000000e+01,3.357291301916016213e+00,2.816647646833708940e+00,4.001709229974687254e+00,3.706889146429206416e+00,2.918604827880871611e+00
1.650390625000000000e+01,3.336844212116924613e+00,2.798822676578285318e+00,3.978290367988154497e+00,3.690945557334575966e+00,2.891594376595360227e+00
1.652832031250000000e+01,3.316527649791550569e+00,2.781085729512155158e+00,3.955058103786437851e+00,3.674847000725671720e+00,2.865056541520728750e+00
1.655273437500000000e+01,3.296368790286044792e+00,2.763462130246074899e+00,3.932041290757367857e+00,3.658622565362869228e+00,2.839020806801436425e+00
1.657714843750000000e+01,3.276323182140091550e+00,2.745931750033769880e+00,3.909162561559136329e+00,3.642208276662728395e+00,2.813481557514408316e+00
1.660156250000000000e+01,3.256471436081008086e+00,2.728528087349675779e+00,3.886566630256741206e+00,3.625729584653414772e+00,2.788452948952521826e+00
1.662597656250000000e+01,3.236795429611722508e+00,2.711246173986353369e+00,3.864217404408983647e+00,3.609158549399994254e+00,2.763942223935384579e+00
1.665039062500000000e+01,3.217303229516515373e+00,2.694095964472804638e+00,3.842120031044605533e+00,3.592513933423230110e+00,2.739950193084003782e+00
1.667480468750000000e+01,3.198008777578755346e+00,2.677062067723705585e+00,3.820329855171031852e+00,3.575822958736879276e+00,2.716476149944693219e+00
1.669921875000000000e+01,3.178909223901854375e+00,2.660173766875651769e+00,3.798798401683758819e+00,3.559075612647866649e+00,2.693534641336613689e+00
1.672363281250000000e+01,3.159963058554462911e+00,2.643387388013644035e+00,3.777488905601654512e+00,3.542218696932580624e+00,2.671107309815533792e+00
1.674804687500000000e+01,3.141263007237264038e+00,2.626768416301225706e+00,3.756529589514348899e+00,3.525386219963852152e+00,2.649228377349651886e+00
1.677246093750000000e+01,3.122815003069670858e+00,2.610333380104580492e+00,3.735911135996860200e+00,3.508567108015637981e+00,2.627938029585992652e+00
1.679687500000000000e+01,3.104551931633376949e+00,2.594016723219276344e+00,3.715566908237621480e+00,3.491726691715110853e+00,2.607121362110059515e+00
1.682128906250000000e+01,3.086522379683914963e+00,2.577861755352981454e+00,3.695551315157781236e+00,3.474908493165795420e+00,2.586839957270619550e+00
1.684570312500000000e+01,3.068728194000147180e+00,2.561869397730525577e+00,3.675867605504671509e+00,3.458128144490452804e+00,2.567080302906435740e+00
1.687011718750000000e+01,3.051176727494091523e+00,2.546046590767277795e+00,3.656523590794143352e+00,3.441393512173503755e+00,2.547852582932607302e+00
1.689453125000000000e+01,3.033844510427922359e+00,2.530390738910798021e+00,3.637466882848130911e+00,3.424680159903457533e+00,2.529141925001603397e+00
1.691894531250000000e+01,3.016784221137751576e+00,2.514916495195371304e+00,3.618802872498039669e+00,3.408072224346667678e+00,2.510951230751256702e+00
1.694335937500000000e+01,3.000003491150291968e+00,2.499657296154626174e+00,3.600501941109772730e+00,3.391553590261654705e+00,2.493333626794806968e+00
1.696777343750000000e+01,2.983437417269791947e+00,2.484543871193662934e+00,3.582508212458787700e+00,3.375098727418221589e+00,2.476159948129533106e+00
1.699218750000000000e+01,2.967133471088226671e+00,2.469621390311827369e+00,3.564870740830619944e+00,3.358747885059273131e+00,2.459494346543295684e+00
1.701660156250000000e+01,2.951086284580194619e+00,2.454883306611916893e+00,3.547586248022866595e+00,3.342497327438793686e+00,2.443330768195476121e+00
1.704101562500000000e+01,2.935303203936352023e+00,2.440373225781573563e+00,3.530609501864036659e+00,3.326348860305339716e+00,2.427687180129232125e+00
1.706542968750000000e+01,2.919793909329014614e+00,2.426056381106284743e+00,3.514014158676439958e+00,3.310347744293707262e+00,2.412520562034742522e+00
1.708984375000000000e+01,2.904541572944451477e+00,2.411934808466245528e+00,3.497756954022869902e+00,3.294458594904051463e+00,2.397840537412516237e+00
1.711425781250000000e+01,2.889562972308948652e+00,2.398034135373367626e+00,3.481841249786429504e+00,3.278722146463342035e+00,2.383632140840219460e+00
1.713867187500000000e+01,2.874901084508456606e+00,2.384392599063156482e+00,3.466315173497558355e+00,3.263160472709322857e+00,2.369972565916658169e+00
1.716308593750000000e+01,2.860471561102476024e+00,2.370920198397193257e+00,3.451106265578863574e+00,3.247733101945478484e+00,2.356707126224507398e+00
1.718750000000000000e+01,2.846314650817637126e+00,2.357670042684012035e+00,3.436234479289660193e+00,3.232467733388372899e+00,2.343896864626177301e+00
1.721191406250000000e+01,2.832419663787290265e+00,2.344664162550083475e+00,3.421641905032332343e+00,3.217346864437109932e+00,2.331544333204422337e+00
1.723632812500000000e+01,2.818800135806456719e+00,2.331858105451683372e+00,3.407426115271031453e+00,3.202405313488723593e+00,2.319625657048610901e+00
1.726074218750000000e+01,2.805452496744506252e+00,2.319283852909929333e+00,3.393531887705356187e+00,3.187639829529409496e+00,2.308141826668983931e+00
1.728515625000000000e+01,2.792379191921736670e+00,2.306957122231314550e+00,3.379942122173374752e+00,3.173054809221213191e+00,2.297084906138639138e+00
1.730957031250000000e+01,2.779627872247774079e+00,2.294906556759354732e+00,3.366730155273540248e+00,3.158686181408059568e+00,2.286527549342380450e+00
1.733398437500000000e+01,2.767106613973078666e+00,2.283043718243780607e+00,3.353803062073454466e+00,3.144481659457944112e+00,2.276313329084203030e+00
1.735839843750000000e+01,2.754855254179418456e+00,2.271437645846928532e+00,3.341155979058465064e+00,3.130455961195368619e+00,2.266521628033935087e+00
1.738281250000000000e+01,2.742873027764674898e+00,2.260052990100711590e+00,3.328838960587248152e+00,3.116634538124802845e+00,2.257107259292952417e+00
1.740722656250000000e+01,2.731165391604472248e+00,2.248919741872708489e+00,3.316821075209457348e+00,3.103016039100654044e+00,2.248088458096622055e+00
1.743164062500000000e+01,2.719719949578834228e+00,2.238018143152342709e+00,3.305101268624339728e+00,3.089589787494818385e+00,2.239448815852651986e+00
1.745605468750000000e+01,2.708546572876570746e+00,2.227372516161452154e+00,3.293667531681820027e+00,3.076367971889605091e+00,2.231192807105146336e+00
1.748046875000000000e+01,2.697632272358120531e+00,2.216959916573799649e+00,3.282522080108067897e+00,3.063336785089298964e+00,2.223306276220864852e+00
1.750488281250000000e+01,2.687028815051268005e+00,2.206848167039181075e+00,3.271690350407162384e+00,3.050554339142689475e+00,2.215836749489631163e+00
1.752929687500000000e+01,2.676632076439351415e+00,2.196942118099531438e+00,3.261059639942438082e+00,3.037924927615763604e+00,2.208661694997355873e+00
1.755371093750000000e+01,2.666500398353006673e+00,2.187269473923782126e+00,3.250730858352622654e+00,3.025516539365986191e+00,2.201820482943837476e+00
1.757812500000000000e+01,2.656613567450936131e+00,2.177837927507876525e+00,3.240643189110252287e+00,3.013302565017417223e+00,2.195305160107638542e+00
1.760253906250000000e+01,2.646980433301450830e+00,2.168641574066572097e+00,3.230826844817120680e+00,3.001293207956206910e+00,2.189119571815445919e+00
1.762695312500000000e+01,2.637597569244215734e+00,2.159689512155951618e+00,3.221259768186823358e+00,2.989489669457916055e+00,2.183253212799922682e+00
1.765136718750000000e+01,2.628455062722975466e+00,2.150976859840975752e+00,3.211924844819024738e+00,2.977882326629162968e+00,2.177694238213346623e+00
1.767578125000000000e+01,2.619588381367159879e+00,2.142552719301142439e+00,3.202835209596216259e+00,2.966495382988045826e+00,2.172501471686584029e+00
1.770019531250000000e+01,2.610931734910105995e+00,2.134322372487532427e+00,3.193971357014633305e+00,2.955296866884607798e+00,2.167544105222740214e+00
1.772460937500000000e+01,2.602511562387271216e+00,2.126327961513149845e+00,3.185334790753325596e+00,2.944299379788879456e+00,2.162874288784339960e+00
1.774902343750000000e+01,2.594326405203481123e+00,2.118576625249616097e+00,3.176911052694640691e+00,2.933497595210846853e+00,2.158494832901017624e+00
1.777343750000000000e+01,2.586368664286538444e+00,2.111052039993322804e+00,3.168705811546213891e+00,2.922886862958139709e+00,2.154391492136864983e+00
1.779785156250000000e+01,2.578632814465664502e+00,2.103755852710439633e+00,3.160702884449362315e+00,2.912468271498296790e+00,2.150550587761813848e+00
1.782226562500000000e+01,2.571114210527818855e+00,2.096685774048574924e+00,3.152894136737218744e+00,2.902234144782521952e+00,2.146967453794681013e+00
1.784667968750000000e+01,2.563782623460225896e+00,2.089820452668375239e+00,3.145237348961689605e+00,2.892156485115837228e+00,2.143611028117580197e+00
1.787109375000000000e+01,2.556746542441696857e+00,2.083247185975253934e+00,3.137867136600669404e+00,2.882348328697025952e+00,2.140583889167161136e+00
1.789550781250000000e+01,2.549881625486316139e+00,2.076858981166863849e+00,3.130639279292668942e+00,2.872703586887146443e+00,2.137729139686347146e+00
1.791992187500000000e+01,2.543216992400202159e+00,2.070687775336630843e+00,3.123576981267317088e+00,2.863228792700570402e+00,2.135107703961012682e+00
1.794433593750000000e+01,2.536754863634795409e+00,2.064728662803010373e+00,3.116692936029020533e+00,2.853927947776822904e+00,2.132720607489619447e+00
1.796875000000000000e+01,2.530489577038018467e+00,2.058980531739429409e+00,3.109974767021457698e+00,2.844802360207840941e+00,2.130549069581694432e+00
1.799316406250000000e+01,2.524384416194441982e+00,2.053424925865363182e+00,3.103359952660465382e+00,2.835812111554328219e+00,2.128564321954725891e+00
1.801757812500000000e+01,2.518495766501975375e+00,2.048084283147296514e+00,3.096953078581972996e+00,2.827030914337524514e+00,2.126794362468400035e+00
1.804199218750000000e+01,2.512828276447047759e+00,2.042987181559630994e+00,3.090722254111969214e+00,2.818437471345985212e+00,2.125281422451251512e+00
1.806640625000000000e+01,2.507293509679405119e+00,2.038037144711746240e+00,3.084595764111853100e+00,2.809979014884078641e+00,2.123882725975096974e+00
1.809082031250000000e+01,2.501946353664655120e+00,2.033297514983396947e+00,3.078612702021119141e+00,2.801685122081838397e+00,2.122688695515815738e+00
1.811523437500000000e+01,2.496766349936319074e+00,2.028742601864856443e+00,3.072761522552969637e+00,2.793538893072785800e+00,2.121675153562932792e+00
1.813964843750000000e+01,2.491713899737213023e+00,2.024352577366979933e+00,3.066974709622488859e+00,2.785496136129227196e+00,2.120809545616821001e+00
1.816406250000000000e+01,2.486861496533573579e+00,2.020163075885234250e+00,3.061376666451133044e+00,2.777647245182973901e+00,2.120135584045859556e+00
1.818847656250000000e+01,2.482173664296963622e+00,2.016165465629595754e+00,3.055893082567724406e+00,2.769954401382416886e+00,2.119622904741980118e+00
1.821289062500000000e+01,2.477633502455314218e+00,2.012337595325788708e+00,3.050515871068424367e+00,2.762397115324410013e+00,2.119257966808376192e+00
1.823730468750000000e+01,2.473282200960801092e+00,2.008714102803752954e+00,3.045293920648664443e+00,2.755015818921021875e+00,2.119086447286587127e+00
1.826171875000000000e+01,2.469024279149424128e+00,2.005206782193820203e+00,3.040125809049899708e+00,2.747718797991717921e+00,2.119001368645267558e+00
1.828613281250000000e+01,2.464919653462273708e+00,2.001866237620590461e+00,3.035082356574573037e+00,2.740565650276548304e+00,2.119065298564513533e+00
1.831054687500000000e+01,2.460927601653454477e+00,1.998676268675078749e+00,3.030087841386365444e+00,2.733489442454959839e+00,2.119275368154897699e+00
1.833496093750000000e+01,2.457087289952182729e+00,1.995645760846029404e+00,3.025225252343949123e+00,2.726577069692984079e+00,2.119601778758138710e+00
1.835937500000000000e+01,2.453366766812953514e+00,1.992750989486876678e+00,3.020451890003632123e+00,2.719778160571551862e+00,2.120038707337350559e+00
1.838378906250000000e+01,2.449770498818038433e+00,1.990003625160957856e+00,3.015761087567752519e+00,2.713096239018906619e+00,2.120591208685421059e+00
1.840820312500000000e+01,2.446336106816273670e+00,1.987433532931373259e+00,3.011200248134110691e+00,2.706571698801897519e+00,2.121296113658155846e+00
1.843261718750000000e+01,2.442961525427127079e+00,1.984945748259835829e+00,3.006662030914104555e+00,2.700106706956933778e+00,2.122041347038004844e+00
1.845703125000000000e+01,2.439667523385472325e+00,1.982565623276471012e+00,3.002159199565519021e+00,2.693705741655901598e+00,2.122873710181344187e+00
1.848144531250000000e+01,2.436502045434814079e+00,1.980311516037950970e+00,2.997782000119553203e+00,2.687447949091360755e+00,2.123793639125103994e+00
1.850585937500000000e+01,2.433434429019517342e+00,1.978167623031506173e+00,2.993478940506970165e+00,2.681284895488466269e+00,2.124797280577927605e+00
1.853027343750000000e+01,2.430459457353605579e+00,1.976129577153488581e+00,2.989243844195935029e+00,2.675218381291620151e+00,2.125870528650421587e+00
1.855468750000000000e+01,2.427574890100653526e+00,1.974197044827846970e+00,2.985071759927129698e+00,2.669246068051509546e+00,2.127012313368504604e+00
1.857910156250000000e+01,2.424810028812269813e+00,1.972390880699321780e+00,2.981003275448059320e+00,2.663397510811019053e+00,2.128253100743854098e+00
1.860351562500000000e+01,2.422087927992297995e+00,1.970637577348703040e+00,2.976960349461532651e+00,2.657597447817330760e+00,2.129508656678481771e+00
1.862792968750000000e+01,2.419411827423924244e+00,1.968948610661584997e+00,2.972933655547223442e+00,2.651842585877306480e+00,2.130793867186353552e+00
1.865234375000000000e+01,2.416822765458162436e+00,1.967335721760717249e+00,2.969006364815689913e+00,2.646184921019058667e+00,2.132134882844162416e+00
1.867675781250000000e+01,2.414260102305523681e+00,1.965762138642343393e+00,2.965085005457397838e+00,2.640558671275371250e+00,2.133478481321512632e+00
1.870117187500000000e+01,2.411766174357663051e+00,1.964255725472112024e+00,2.961231577104231238e+00,2.635007340024050126e+00,2.134865746382732077e+00
1.872558593750000000e+01,2.409336863339120338e+00,1.962815726941973260e+00,2.957437135521995053e+00,2.629530997845935136e+00,2.136286857733926237e+00
1.875000000000000000e+01,2.406947256525614698e+00,1.961411983120491476e+00,2.953685990272798545e+00,2.624099779792695486e+00,2.137725550628938986e+00
1.877441406250000000e+01,2.404616545863855315e+00,1.960078937933289911e+00,2.949973401958473129e+00,2.618742106694854410e+00,2.139189038745563209e+00
1.879882812500000000e+01,2.402302203119823343e+00,1.958749377211066012e+00,2.946296214440350170e+00,2.613416133188035673e+00,2.140630668366916733e+00
1.882324218750000000e+01,2.400023697009426193e+00,1.957440847154499508e+00,2.942675766974097495e+00,2.608138557262063006e+00,2.142075892423765726e+00
1.884765625000000000e+01,2.397770248571762686e+00,1.956148346911618097e+00,2.939093128602916938e+00,2.602892566854774881e+00,2.143521700948961328e+00
1.887207031250000000e+01,2.395535478357720738e+00,1.954860824678518405e+00,2.935549250169397606e+00,2.597684668703703181e+00,2.144946764768343783e+00
1.889648437500000000e+01,2.393317978301865434e+00,1.953583619741506627e+00,2.932032643691412588e+00,2.592505686073636184e+00,2.146359118976818081e+00
1.892089843750000000e+01,2.391114735691160842e+00,1.952304043344248896e+00,2.928554954711661384e+00,2.587357264416598746e+00,2.147749617533904143e+00
1.894531250000000000e+01,2.388933305957851694e+00,1.951039617610264010e+00,2.925108382629844961e+00,2.582258299113576072e+00,2.149116824642144152e+00
1.896972656250000000e+01,2.386745631135366086e+00,1.949738934421215264e+00,2.921701263269276261e+00,2.577162825659860879e+00,2.150448524279342077e+00
1.899414062500000000e+01,2.384556302586283483e+00,1.948409290213432454e+00,2.918333837127772501e+00,2.572082056658806515e+00,2.151743443162930980e+00
1.901855468750000000e+01,2.382359982250297215e+00,1.947053253710912868e+00,2.914989137667583829e+00,2.567016910863593182e+00,2.152989330972918225e+00
1.904296875000000000e+01,2.380158049097652828e+00,1.945665890261996323e+00,2.911677882126769035e+00,2.561968480134880988e+00,2.154189547292709506e+00
1.906738281250000000e+01,2.377940485543279525e+00,1.944240157790185330e+00,2.908386050009789781e+00,2.556938743835723837e+00,2.155320156852607916e+00
1.909179687500000000e+01,2.375681188756828099e+00,1.942748045995178918e+00,2.905091641835609639e+00,2.551876665842535807e+00,2.156384242129750550e+00
1.911621093750000000e+01,2.373412143224444826e+00,1.941216524141245570e+00,2.901832501192628477e+00,2.546826014832644258e+00,2.157399831903569432e+00
1.914062500000000000e+01,2.371150206011595873e+00,1.939667136239432210e+00,2.898617600115287019e+00,2.541822457892326970e+00,2.158363762213093118e+00
1.916503906250000000e+01,2.368830898114026695e+00,1.938023317143600766e+00,2.895403669409991387e+00,2.536774148374479232e+00,2.159241720083217686e+00
1.918945312500000000e+01,2.366469022458516314e+00,1.936304113168865859e+00,2.892198387726800934e+00,2.531703315938467203e+00,2.160040724499057152e+00
1.921386718750000000e+01,2.364045289862184873e+00,1.934495788387561532e+00,2.888975083878511096e+00,2.526589379431773974e+00,2.160745505672994948e+00
1.923828125000000000e+01,2.361581129104605381e+00,1.932612206126858467e+00,2.885765396525131976e+00,2.521459955615442894e+00,2.161369441592198015e+00
1.926269531250000000e+01,2.359055773149847379e+00,1.930648179774532069e+00,2.882526293051248967e+00,2.516274071971041693e+00,2.161917846078841521e+00
1.928710937500000000e+01,2.356518717301485211e+00,1.928626002642625403e+00,2.879345429016929803e+00,2.511127073900507156e+00,2.162381186345948336e+00
1.931152343750000000e+01,2.353952023507572822e+00,1.926549072518588313e+00,2.876173884183234719e+00,2.505990672384271534e+00,2.162760067723027202e+00
1.933593750000000000e+01,2.351311834997668715e+00,1.924357551686732393e+00,2.872993815808363216e+00,2.500797319708208732e+00,2.163033628385206075e+00
1.936035156250000000e+01,2.348613020008793573e+00,1.922070419450606860e+00,2.869813229492123252e+00,2.495574229583445991e+00,2.163206513830436162e+00
1.938476562500000000e+01,2.345847355893666997e+00,1.919688469609434067e+00,2.866610861226305484e+00,2.490314208850851418e+00,2.163268464876314301e+00
1.940917968750000000e+01,2.342995184431236222e+00,1.917194152294867004e+00,2.863364895880221805e+00,2.484990953579737649e+00,2.163209818853333744e+00
1.943359375000000000e+01,2.340102349822975381e+00,1.914618733463405942e+00,2.860140722503630162e+00,2.479666136622638017e+00,2.163056249007988985e+00
1.945800781250000000e+01,2.337138443741469285e+00,1.911941637840138597e+00,2.856894790671954620e+00,2.474296683279440412e+00,2.162791134247884273e+00
1.948242187500000000e+01,2.334103796684121601e+00,1.909162011595926911e+00,2.853629236599489527e+00,2.468891951812751895e+00,2.162408587865121579e+00
1.950683593750000000e+01,2.331008581475704666e+00,1.906302666978389126e+00,2.850334892268697295e+00,2.463468915677959004e+00,2.161911009178755894e+00
1.953125000000000000e+01,2.327824599263379923e+00,1.903320763202173804e+00,2.847006910080204012e+00,2.457971273542411517e+00,2.161299455610940168e+00
1.955566406250000000e+01,2.324560862560603347e+00,1.900231570524134606e+00,2.843644578675242673e+00,2.452421525827102933e+00,2.160570075932015222e+00
1.958007812500000000e+01,2.321198075397576499e+00,1.897029932202536795e+00,2.840208482621962904e+00,2.446804209980043332e+00,2.159703224516615006e+00
1.960449218750000000e+01,2.317775000998726131e+00,1.893734062846955224e+00,2.836766291872312440e+00,2.441159722590727998e+00,2.158730170114653291e+00
1.962890625000000000e+01,2.314267211323167928e+00,1.890332596548958133e+00,2.833275337463504240e+00,2.435463141016771971e+00,2.157630298644742872e+00
1.965332031250000000e+01,2.310674031248874716e+00,1.886825166425847522e+00,2.829734611183838400e+00,2.429709335940080983e+00,2.156407854695184145e+00
1.967773437500000000e+01,2.307002002201633761e+00,1.883230224699226074e+00,2.826132550528904996e+00,2.423915530836406873e+00,2.155060268848331351e+00
1.970214843750000000e+01,2.303231426150088357e+00,1.879512821001225964e+00,2.822473432013853589e+00,2.418041271278454474e+00,2.153587451207148007e+00
1.972656250000000000e+01,2.299337819184501086e+00,1.875677086259025961e+00,2.818691151831890451e+00,2.412069931317135651e+00,2.151961832741812408e+00
1.975097656250000000e+01,2.295388419499236221e+00,1.871765790776961147e+00,2.814886361495122724e+00,2.406079083972824328e+00,2.150233587640790756e+00
1.977539062500000000e+01,2.291355227391431715e+00,1.867760910065932700e+00,2.811017593203993581e+00,2.400034372611001388e+00,2.148385840635729238e+00
1.979980468750000000e+01,2.287235726058611807e+00,1.863664992550664756e+00,2.807074923588578574e+00,2.393929767326831382e+00,2.146419029780605836e+00
1.982421875000000000e+01,2.283025403112466822e+00,1.859474433807233096e+00,2.803052785504001942e+00,2.387761812338361267e+00,2.144329615463749228e+00
1.984863281250000000e+01,2.278729327348347322e+00,1.855192997490357154e+00,2.798958035278181988e+00,2.381535909814465946e+00,2.142120183118728427e+00
1.987304687500000000e+01,2.274355102803590434e+00,1.850846253461947422e+00,2.794770837379593864e+00,2.375265075410807558e+00,2.139797589897098451e+00
1.989746093750000000e+01,2.269853361459717611e+00,1.846378413730835444e+00,2.790454136711474131e+00,2.368879827376062508e+00,2.137331926854503905e+00
1.992187500000000000e+01,2.265294883374454393e+00,1.841849086088554355e+00,2.786091948249751038e+00,2.362465521394931045e+00,2.134776475025796483e+00
1.994628906250000000e+01,2.260653788108650364e+00,1.837243562220121085e+00,2.781642921374238409e+00,2.355994316439912417e+00,2.132109137221496642e+00
1.997070312500000000e+01,2.255930483519378971e+00,1.832566235937560961e+00,2.777101447505539333e+00,2.349463370936307971e+00,2.129334206139472219e+00
1.999511718750000000e+01,2.251133831350579761e+00,1.827829322874214180e+00,2.772470855584297844e+00,2.342884312393582302e+00,2.126458733518013400e+00
2.001953125000000000e+01,2.246249795218430823e+00,1.823022791201281745e+00,2.767731795165334407e+00,2.336234946788807942e+00,2.123477173231672399e+00
2.004394531250000000e+01,2.241257604111876578e+00,1.818143063498748102e+00,2.762838496505788388e+00,2.329504724915592018e+00,2.120363455402291653e+00
2.006835937500000000e+01,2.236218373676925442e+00,1.813214939803251768e+00,2.757903933503264238e+00,2.322749533766082397e+00,2.117176181621503339e+00
2.009277343750000000e+01,2.231100939811959449e+00,1.808228798737810505e+00,2.752865902315263735e+00,2.315931319852437831e+00,2.113896105193944663e+00
2.011718750000000000e+01,2.225909321411460251e+00,1.803193313485528915e+00,2.747721095731641583e+00,2.309056655815833192e+00,2.110524283766184617e+00
2.014160156250000000e+01,2.220645721583287546e+00,1.798110339662300161e+00,2.742472089734099505e+00,2.302129572869920260e+00,2.107060927761026825e+00
2.016601562500000000e+01,2.215311291390038129e+00,1.792979730986558051e+00,2.737121916631968688e+00,2.295144457259879811e+00,2.103515466707000403e+00
2.019042968750000000e+01,2.209871219539129683e+00,1.787784014054250692e+00,2.731611183765271456e+00,2.288058662152465228e+00,2.099864855552052934e+00
2.021484375000000000e+01,2.204399466190324119e+00,1.782571228025112475e+00,2.726049276540734922e+00,2.280969697951847230e+00,2.096152026441894467e+00
2.023925781250000000e+01,2.198863634733948302e+00,1.777333022336578860e+00,2.720368790424561922e+00,2.273847408070134524e+00,2.092345476479523292e+00
2.026367187500000000e+01,2.193267565494352755e+00,1.772060478479408285e+00,2.714592798761197745e+00,2.266664558145428998e+00,2.088481389976115210e+00
2.028808593750000000e+01,2.187607636189223825e+00,1.766750417258548866e+00,2.708717158442344619e+00,2.259430604953594823e+00,2.084543187576874956e+00
2.031250000000000000e+01,2.181886204484149161e+00,1.761419116913787608e+00,2.702722687408674940e+00,2.252146125565534618e+00,2.080533965941274044e+00
2.033691406250000000e+01,2.176117717346798042e+00,1.756067424500127316e+00,2.696643792648575122e+00,2.244830032494956384e+00,2.076465093839199305e+00
2.036132812500000000e+01,2.170263499665820106e+00,1.750675975506758686e+00,2.690414287897189727e+00,2.237427356210957008e+00,2.072316399178532720e+00
2.038574218750000000e+01,2.164386509800996450e+00,1.745286429981516507e+00,2.684126160230416502e+00,2.230025051719992213e+00,2.068121654761687633e+00
2.041015625000000000e+01,2.158465986333856890e+00,1.739896269071983914e+00,2.677731711353785737e+00,2.222598395472777710e+00,2.063867841007593018e+00
2.043457031250000000e+01,2.152498783575091501e+00,1.734490382119711738e+00,2.671246298656309470e+00,2.215123099757024594e+00,2.059571139030667020e+00
2.045898437500000000e+01,2.146488291603187992e+00,1.729074524117638401e+00,2.664669406508533456e+00,2.207611808868612524e+00,2.055227539845153384e+00
2.048339843750000000e+01,2.140439836822103814e+00,1.723656227845757005e+00,2.658002576755701174e+00,2.200074730039820459e+00,2.050836822857954544e+00
2.050781250000000000e+01,2.134316917610614706e+00,1.718213592648188737e+00,2.651188841882007541e+00,2.192453580799635038e+00,2.046387088960486267e+00
2.053222656250000000e+01,2.128191035956427335e+00,1.712789069433883649e+00,2.644340255523871530e+00,2.184841764542182929e+00,2.041921456056484896e+00
2.055664062500000000e+01,2.122037935120032692e+00,1.707376006372257393e+00,2.637406746541041791e+00,2.177208186893765163e+00,2.037426882868859757e+00
2.058105468750000000e+01,2.115855456842025806e+00,1.701965308615426498e+00,2.630396925005572317e+00,2.169547154606762618e+00,2.032902747003027866e+00
2.060546875000000000e+01,2.109653371305947989e+00,1.696579040261066318e+00,2.623300914042706378e+00,2.161872304302200121e+00,2.028356971980253221e+00
2.062988281250000000e+01,2.103416454951451797e+00,1.691188225559690173e+00,2.616125583239744756e+00,2.154157374741320297e+00,2.023783394819590686e+00
2.065429687500000000e+01,2.097158123170262733e+00,1.685806738789270787e+00,2.608882793254029053e+00,2.146420787018562315e+00,2.019190181059303590e+00
2.067871093750000000e+01,2.090855713601275312e+00,1.680423324960785392e+00,2.601533524417792620e+00,2.138623643014941678e+00,2.014573846573216365e+00
2.070312500000000000e+01,2.084561556691473694e+00,1.675073933287337669e+00,2.594152292196514775e+00,2.130847653232279093e+00,2.009952255597250215e+00
2.072753906250000000e+01,2.078256692035084452e+00,1.669740507997824253e+00,2.586719827003346683e+00,2.123059760446179389e+00,2.005322167485533491e+00
2.075195312500000000e+01,2.071934947656518311e+00,1.664424451185280596e+00,2.579218554656128592e+00,2.115249016994092734e+00,2.000681999955666424e+00
2.077636718750000000e+01,2.065631712750554794e+00,1.659156268383280786e+00,2.571689270039940745e+00,2.107459039094149222e+00,1.996059063848017789e+00
2.080078125000000000e+01,2.059301392518793961e+00,1.653884194982462530e+00,2.564098646141794724e+00,2.099630060047578795e+00,1.991420557240487055e+00
2.082519531250000000e+01,2.052935887099932799e+00,1.648614774037810315e+00,2.556416345960835557e+00,2.091753042108667415e+00,1.986760168684784222e+00
2.084960937500000000e+01,2.046603336005211826e+00,1.643390960963579506e+00,2.548745438207681957e+00,2.083911724274538191e+00,1.982128422541574508e+00
2.087402343750000000e+01,2.040271109659525628e+00,1.638192196590463778e+00,2.541036521584627117e+00,2.076067285871697976e+00,1.977498858630246437e+00
2.089843750000000000e+01,2.033940474297097900e+00,1.633023118203026147e+00,2.533285540706951000e+00,2.068217118432136736e+00,1.972876877222156100e+00
2.092285156250000000e+01,2.027613305503892960e+00,1.627880877203798704e+00,2.525501573381851550e+00,2.060364808770284384e+00,1.968261653032815861e+00
2.094726562500000000e+01,2.021322301937756638e+00,1.622797889346861755e+00,2.517715776642628356e+00,2.052549693087213356e+00,1.963679984669643774e+00
2.097167968750000000e+01,2.015020994188081005e+00,1.617717717456640836e+00,2.509899943113869547e+00,2.044707013879440094e+00,1.959101108567010918e+00
2.099609375000000000e+01,2.008707926213728179e+00,1.612654508527487041e+00,2.502028494942865944e+00,2.036839975593541574e+00,1.954520895024163485e+00
2.102050781250000000e+01,2.002436874499128550e+00,1.607638428949869525e+00,2.494188596233708033e+00,2.029011119804704943e+00,1.949981517748775151e+00
2.104492187500000000e+01,1.996183307979644050e+00,1.602652236599398483e+00,2.486345888432805573e+00,2.021191074203832816e+00,1.945463031317690827e+00
2.106933593750000000e+01,1.989950256397891692e+00,1.597704598862335734e+00,2.478494476236551947e+00,2.013381181922786478e+00,1.940971395540874944e+00
2.109375000000000000e+01,1.983739698197930945e+00,1.592793572218884179e+00,2.470642309740331832e+00,2.005582647963529030e+00,1.936507848930626441e+00
2.111816406250000000e+01,1.977553001464962490e+00,1.587912426206244287e+00,2.462803243467497794e+00,1.997796712206199921e+00,1.932072929582606235e+00
2.114257812500000000e+01,1.971384569808306120e+00,1.583070138128474191e+00,2.454949422943939474e+00,1.990020432483547319e+00,1.927660824020711372e+00
2.116699218750000000e+01,1.965248126307239440e+00,1.578255036977912917e+00,2.447133135940795068e+00,1.982262147921542095e+00,1.923285566315279693e+00
2.119140625000000000e+01,1.959137694675560093e+00,1.573472292417009255e+00,2.439331486926141324e+00,1.974520098872706741e+00,1.918938799740398604e+00
2.121582031250000000e+01,1.953054350522563931e+00,1.568720704046157266e+00,2.431549023517496799e+00,1.966795758804369632e+00,1.914621672323049362e+00
2.124023437500000000e+01,1.947001198997418081e+00,1.564001887553019055e+00,2.423790980731074463e+00,1.959088618953110039e+00,1.910339122187140193e+00
2.126464843750000000e+01,1.940979648004654612e+00,1.559319096684310013e+00,2.416055829739509164e+00,1.951400039235192452e+00,1.906092924138813149e+00
2.128906250000000000e+01,1.934989971436588352e+00,1.554667620200320899e+00,2.408351560752082232e+00,1.943732685258617199e+00,1.901879806725781608e+00
2.131347656250000000e+01,1.929027736871226750e+00,1.550057495330170010e+00,2.400651602169056265e+00,1.936093899689363518e+00,1.897686801312843397e+00
2.133789062500000000e+01,1.923100776419046198e+00,1.545468486138161124e+00,2.393006799837727350e+00,1.928472253506703593e+00,1.893535102994004848e+00
2.136230468750000000e+01,1.917211607614308422e+00,1.540915362926673637e+00,2.385400546198560789e+00,1.920882288081217970e+00,1.889418592915565798e+00
2.138671875000000000e+01,1.911351853701154235e+00,1.536390286343718881e+00,2.377824138253849640e+00,1.913307534532932896e+00,1.885334919650471397e+00
2.141113281250000000e+01,1.905529316807854867e+00,1.531892010539399385e+00,2.370298919396852888e+00,1.905760136502057778e+00,1.881288164044145006e+00
2.143554687500000000e+01,1.899737792931734504e+00,1.527418825686877479e+00,2.362812099209380179e+00,1.898233364268627765e+00,1.877272718000781770e+00
2.145996093750000000e+01,1.893948531783530065e+00,1.522955698667630697e+00,2.355315419997534576e+00,1.890690438828433573e+00,1.873268472141819796e+00
2.148437500000000000e+01,1.888218070976285023e+00,1.518534103222693998e+00,2.347900831462946591e+00,1.883207043306329709e+00,1.869310451191586120e+00
2.150878906250000000e+01,1.882528236105971864e+00,1.514145697063341345e+00,2.340536030719908567e+00,1.875767196288416372e+00,1.865380332315448086e+00
2.153320312500000000e+01,1.876861391251713584e+00,1.509768251175487963e+00,2.333211523840600155e+00,1.868334047389410335e+00,1.861477840758069435e+00
2.155761718750000000e+01,1.871235214853272044e+00,1.505423384426512134e+00,2.325937849464765783e+00,1.860935863862822615e+00,1.857611058422505179e+00
2.158203125000000000e+01,1.865648150476382439e+00,1.501103086223629868e+00,2.318723512941609499e+00,1.853568386486567521e+00,1.853780850815693437e+00
2.160644531250000000e+01,1.860094808419497925e+00,1.496810973133312350e+00,2.311549526568716484e+00,1.846226891915124568e+00,1.849980735579642266e+00
2.163085937500000000e+01,1.854560492297001817e+00,1.492529188971061682e+00,2.304406938908839741e+00,1.838905918016162433e+00,1.846188633661404621e+00
2.165527343750000000e+01,1.849087078145042140e+00,1.488285139227208731e+00,2.297357497191933717e+00,1.831636561109960537e+00,1.842454929501504468e+00
2.167968750000000000e+01,1.843651053067548284e+00,1.484067692932808047e+00,2.290359948985813077e+00,1.824405278611509695e+00,1.838747924131603373e+00
2.170410156250000000e+01,1.838248366585465421e+00,1.479866082464675436e+00,2.283420842801019202e+00,1.817194841543613437e+00,1.835075740556966650e+00
2.172851562500000000e+01,1.832876980254255495e+00,1.475681681903794784e+00,2.276532985360302686e+00,1.810012545089353164e+00,1.831427575667757157e+00
2.175292968750000000e+01,1.827547100807663139e+00,1.471523831126435589e+00,2.269707316336029290e+00,1.802868976667623580e+00,1.827813907039471664e+00
2.177734375000000000e+01,1.822234089539366719e+00,1.467373029739676538e+00,2.262912708480442792e+00,1.795744077660582194e+00,1.824205990380608933e+00
2.180175781250000000e+01,1.816973565646422317e+00,1.463254946262766421e+00,2.256198037594072670e+00,1.788667743077285710e+00,1.820644722016303341e+00
2.182617187500000000e+01,1.811745148050035281e+00,1.459152243822802175e+00,2.249539412613518863e+00,1.781624437056488874e+00,1.817104741330487272e+00
2.185058593750000000e+01,1.806550706947302132e+00,1.455066935354751845e+00,2.242938367626442275e+00,1.774615843043223729e+00,1.813589123914399304e+00
2.187500000000000000e+01,1.801402036813194885e+00,1.451011199202605351e+00,2.236405411631574580e+00,1.767661848649901613e+00,1.810103609169034788e+00
2.189941406250000000e+01,1.796275080170209426e+00,1.446961511858169569e+00,2.229917062200865274e+00,1.760725443834952220e+00,1.806634154339083587e+00
2.192382812500000000e+01,1.791179798806768586e+00,1.442926157303419332e+00,2.223485280528328278e+00,1.753825028857793011e+00,1.803184575399838119e+00
2.194824218750000000e+01,1.786094780973915386e+00,1.438886927681659378e+00,2.217084960082455591e+00,1.746939170393137175e+00,1.799734183082686068e+00
2.197265625000000000e+01,1.781062675866791567e+00,1.434883388301829266e+00,2.210761014607622865e+00,1.740112666102968220e+00,1.796322634241015459e+00
2.199707031250000000e+01,1.776063817234257325e+00,1.430893235645866346e+00,2.204498983087937791e+00,1.733325798250280991e+00,1.792931027352195228e+00
2.202148437500000000e+01,1.771093742481520517e+00,1.426917681376629776e+00,2.198285917678847845e+00,1.726577290761065697e+00,1.789552695798203974e+00
2.204589843750000000e+01,1.766162803517917990e+00,1.422963973526500059e+00,2.192136348188565176e+00,1.719881555119642469e+00,1.786195901242831452e+00
2.207031250000000000e+01,1.761248952315275007e+00,1.419012906191358780e+00,2.186025129508820886e+00,1.713205866993995796e+00,1.782846418828699431e+00
2.209472656250000000e+01,1.756336511191327387e+00,1.415044723438527718e+00,2.179943778065138726e+00,1.706542421829432277e+00,1.779484422949335176e+00
2.211914062500000000e+01,1.751479576917331693e+00,1.411115299903320741e+00,2.173940505477256480e+00,1.699948151019297971e+00,1.776159470510782601e+00
2.214355468750000000e+01,1.746650125903582484e+00,1.407194905159214748e+00,2.167991549098043702e+00,1.693393548514110725e+00,1.772845969876940542e+00
2.216796875000000000e+01,1.741844407621758739e+00,1.403287167486166442e+00,2.162082010482793581e+00,1.686876544072234863e+00,1.769539892950894311e+00
2.219238281250000000e+01,1.737066393440520162e+00,1.399389651813333302e+00,2.156225502532836735e+00,1.680401127923607518e+00,1.766245060833890657e+00
2.221679687500000000e+01,1.732315408655871414e+00,1.395506005510579906e+00,2.150414733592350469e+00,1.673967469166372846e+00,1.762959298866621616e+00
2.224121093750000000e+01,1.727577698776026294e+00,1.391623732289341886e+00,2.144634814755902674e+00,1.667569354218691569e+00,1.759666756954464617e+00
2.226562500000000000e+01,1.722874773664842873e+00,1.387756894062389224e+00,2.138917485065823243e+00,1.661219814815516838e+00,1.756391480058739463e+00
2.229003906250000000e+01,1.718195346808114810e+00,1.383899119367475450e+00,2.133244546858580115e+00,1.654913823275920626e+00,1.753119719980341884e+00
2.231445312500000000e+01,1.713539980711662913e+00,1.380052403318158483e+00,2.127614327135378680e+00,1.648652050217320086e+00,1.749851600860794942e+00
2.233886718750000000e+01,1.708904316594709982e+00,1.376210478038010221e+00,2.122025671130934654e+00,1.642432841372465369e+00,1.746581213673992883e+00
2.236328125000000000e+01,1.704288835111960054e+00,1.372379335018623969e+00,2.116470540885741602e+00,1.636254614573687816e+00,1.743311889869964437e+00
2.238769531250000000e+01,1.699698562603087826e+00,1.368555979133948552e+00,2.110966045790255485e+00,1.630124918266097955e+00,1.740045388934053694e+00
2.241210937500000000e+01,1.695123536786612650e+00,1.364740396687735835e+00,2.105487469955373836e+00,1.624040315288686420e+00,1.736769858196498095e+00
2.243652343750000000e+01,1.690570897631333169e+00,1.360931995507962622e+00,2.100053470233289143e+00,1.617996789706559024e+00,1.733497635370413015e+00
2.246093750000000000e+01,1.686038244515774442e+00,1.357130010082838956e+00,2.094659274240288305e+00,1.611997729440198146e+00,1.730224550835915531e+00
2.248535156250000000e+01,1.681522056150063893e+00,1.353332546052288698e+00,2.089299066638933500e+00,1.606043600547194528e+00,1.726942894580456134e+00
2.250976562500000000e+01,1.677024674634443713e+00,1.349543137831849204e+00,2.083973220634599333e+00,1.600134427278131932e+00,1.723657707452725729e+00
2.253417968750000000e+01,1.672544654023986554e+00,1.345762318409014835e+00,2.078677327666122565e+00,1.594269393277105040e+00,1.720366580116490463e+00
2.255859375000000000e+01,1.668061495595239530e+00,1.341971322720077575e+00,2.073389427910909077e+00,1.588428227886713229e+00,1.717051321638710215e+00
2.258300781250000000e+01,1.663614874000221455e+00,1.338199818787211504e+00,2.068162325341678986e+00,1.582649106357839397e+00,1.713751487650365224e+00
2.260742187500000000e+01,1.659205235099152853e+00,1.334455632706634587e+00,2.062985044018801783e+00,1.576940794767219822e+00,1.710460940000278374e+00
2.263183593750000000e+01,1.654789137863847737e+00,1.330695142497361649e+00,2.057817003564815561e+00,1.571251109877854324e+00,1.707143816865765773e+00
2.265625000000000000e+01,1.650386472972537488e+00,1.326940490401675721e+00,2.052673446829724746e+00,1.565604280551065042e+00,1.703816696019306409e+00
2.268066406250000000e+01,1.645996346632877749e+00,1.323188597208205586e+00,2.047556923363108350e+00,1.560000897707265688e+00,1.700477961597582022e+00
2.270507812500000000e+01,1.641614781229334907e+00,1.319434906894163095e+00,2.042464600466118441e+00,1.554439442159019524e+00,1.697120484260720596e+00
2.272949218750000000e+01,1.637216891321028545e+00,1.315658959087020019e+00,2.037366241998585625e+00,1.548888175791853117e+00,1.693727684300450065e+00
2.275390625000000000e+01,1.632862620679272903e+00,1.311914217169078301e+00,2.032328259819415006e+00,1.543420143317165483e+00,1.690345727212655413e+00
2.277832031250000000e+01,1.628545676221063498e+00,1.308199283513274969e+00,2.027337159531021893e+00,1.538023682087437116e+00,1.686974991797059786e+00
2.280273437500000000e+01,1.624217270232855004e+00,1.304463403669206656e+00,2.022350135314065600e+00,1.532651720776728066e+00,1.683564292044158472e+00
2.282714843750000000e+01,1.619898384081995157e+00,1.300729945740314752e+00,2.017383226506682892e+00,1.527322140010975327e+00,1.680138031241716012e+00
2.285156250000000000e+01,1.615586427587903273e+00,1.296994970019164750e+00,2.012436104488266153e+00,1.522035099194280594e+00,1.676691175937673473e+00
2.287597656250000000e+01,1.611254388566730311e+00,1.293231193294018366e+00,2.007483826664325122e+00,1.516764981745751140e+00,1.673196503037102323e+00
2.290039062500000000e+01,1.606961349882025658e+00,1.289498443229730062e+00,2.002580765857201683e+00,1.511570710864463152e+00,1.669711596306671098e+00
2.292480468750000000e+01,1.602676739828081898e+00,1.285761560160490147e+00,1.997705338200776115e+00,1.506420595800223028e+00,1.666207101389324041e+00
2.294921875000000000e+01,1.598399095918322077e+00,1.282026343167169458e+00,1.992844907945364064e+00,1.501314801515216679e+00,1.662681538545725646e+00
2.297363281250000000e+01,1.594151605613849609e+00,1.278312805502922700e+00,1.988026194168798222e+00,1.496280159945035493e+00,1.659155675455547208e+00
2.299804687500000000e+01,1.589887964834364009e+00,1.274575654682670312e+00,1.983204160097099544e+00,1.491263280381796452e+00,1.655587871601639449e+00
2.302246093750000000e+01,1.585632610623079142e+00,1.270838308598722932e+00,1.978403356949203662e+00,1.486289687567009743e+00,1.652001361634241050e+00
2.304687500000000000e+01,1.581357215295621899e+00,1.267071484730530884e+00,1.973598705758379257e+00,1.481336671325836463e+00,1.648365641610251231e+00
2.307128906250000000e+01,1.577115846242257868e+00,1.263330556230243040e+00,1.968838939422534962e+00,1.476447986934045664e+00,1.644739544478508231e+00
2.309570312500000000e+01,1.572879594868294095e+00,1.259587786052360769e+00,1.964095116948210373e+00,1.471599531685798379e+00,1.641092351385153192e+00
2.312011718750000000e+01,1.568648084203640991e+00,1.255840115563124693e+00,1.959371086798245010e+00,1.466791600921995675e+00,1.637422870934312602e+00
2.314453125000000000e+01,1.564448146680420093e+00,1.252115482281987102e+00,1.954690312742737524e+00,1.462053009153464256e+00,1.633757387386015614e+00
2.316894531250000000e+01,1.560227306576587480e+00,1.248363455502055741e+00,1.950000408501403770e+00,1.457326843034639774e+00,1.630044796486314951e+00
2.319335937500000000e+01,1.555987423234611811e+00,1.244584193966658647e+00,1.945305808157439920e+00,1.452614058001396202e+00,1.626289890471930732e+00
2.321777343750000000e+01,1.551774370730120367e+00,1.240821092015737870e+00,1.940653421471915996e+00,1.447963001344507727e+00,1.622534054867513120e+00
2.324218750000000000e+01,1.547564455079301959e+00,1.237053955954101836e+00,1.936015588566418311e+00,1.443351689656436010e+00,1.618753655942609226e+00
2.326660156250000000e+01,1.543359464538975656e+00,1.233281761790702591e+00,1.931398412414267352e+00,1.438778751241909903e+00,1.614952611744626676e+00
2.329101562500000000e+01,1.539158530923118162e+00,1.229504204284732616e+00,1.926800229765451622e+00,1.434246386087153713e+00,1.611127445097950917e+00
2.331542968750000000e+01,1.534983816066709528e+00,1.225742671050499277e+00,1.922243037820820399e+00,1.429773206703022659e+00,1.607304096687746542e+00
2.333984375000000000e+01,1.530793644169402334e+00,1.221955678640554099e+00,1.917687541365192150e+00,1.425315441330476940e+00,1.603440583801112540e+00
2.336425781250000000e+01,1.526588334567023253e+00,1.218142748582460522e+00,1.913135341443408466e+00,1.420870291293530929e+00,1.599542325405354015e+00
2.338867187500000000e+01,1.522405796023533764e+00,1.214343754186120394e+00,1.908618873178488995e+00,1.416484340227053496e+00,1.595637818453783829e+00
2.341308593750000000e+01,1.518227865957720413e+00,1.210539744523992045e+00,1.904122407709060161e+00,1.412135648755849848e+00,1.591712272378264181e+00
2.343750000000000000e+01,1.514058094486503414e+00,1.206731939560484523e+00,1.899652970414480890e+00,1.407824439772808578e+00,1.587772446620430378e+00
2.346191406250000000e+01,1.509895694645540187e+00,1.202918921858327161e+00,1.895210863577751592e+00,1.403551908382296709e+00,1.583814889280651172e+00
2.348632812500000000e+01,1.505738655108663782e+00,1.199097749539846269e+00,1.890795724000403188e+00,1.399314311007831657e+00,1.579839365323303602e+00
2.351074218750000000e+01,1.501610721541870364e+00,1.195296044277808223e+00,1.886423677083158168e+00,1.395138409349996333e+00,1.575869290554322788e+00
2.353515625000000000e+01,1.497473787650375865e+00,1.191471128427203041e+00,1.882066372569238588e+00,1.390980343514289119e+00,1.571867128817640014e+00
2.355957031250000000e+01,1.493342639358021140e+00,1.187640654739832602e+00,1.877733159120681616e+00,1.386856645273926381e+00,1.567847998121794539e+00
2.358398437500000000e+01,1.489222910499031771e+00,1.183810759512690547e+00,1.873428552100798949e+00,1.382771464264682226e+00,1.563818676060751089e+00
2.360839843750000000e+01,1.485107359017524109e+00,1.179970414501382070e+00,1.869151836946689960e+00,1.378717625411071568e+00,1.559772292728196286e+00
2.363281250000000000e+01,1.480998823036377754e+00,1.176124529371406213e+00,1.864902447878884262e+00,1.374695054329704513e+00,1.555713140662892568e+00
2.365722656250000000e+01,1.476896964354141195e+00,1.172272399717992242e+00,1.860680711960124523e+00,1.370706775409023637e+00,1.551637919675411315e+00
2.368164062500000000e+01,1.472838021416150722e+00,1.168444897370204627e+00,1.856529000393029261e+00,1.366789143567372244e+00,1.547584945806898871e+00
2.370605468750000000e+01,1.468756620484414466e+00,1.164584916535490233e+00,1.852373304502658247e+00,1.362868298983791693e+00,1.543492140513256228e+00
2.373046875000000000e+01,1.464683030841337663e+00,1.160717787203506601e+00,1.848249767932983234e+00,1.358976466387112003e+00,1.539389648575638203e+00
2.375488281250000000e+01,1.460620044405828155e+00,1.156846301158578338e+00,1.844161071339795566e+00,1.355116087365613398e+00,1.535280283079074604e+00
2.377929687500000000e+01,1.456562354749429744e+00,1.152965195189969982e+00,1.840102287670218217e+00,1.351282458862949953e+00,1.531159403341725955e+00
2.380371093750000000e+01,1.452510598991056057e+00,1.149075181381934652e+00,1.836073978766143311e+00,1.347473501205322277e+00,1.527028447194836325e+00
2.382812500000000000e+01,1.448477516150533662e+00,1.145186469009774610e+00,1.832092127850413199e+00,1.343696514590525748e+00,1.522905810013132522e+00
2.385253906250000000e+01,1.444440482182217877e+00,1.141280438478573966e+00,1.828129385401682239e+00,1.339933063112888956e+00,1.518763285624225690e+00
2.387695312500000000e+01,1.440420897349761420e+00,1.137376208361801311e+00,1.824209391992038798e+00,1.336221152214828622e+00,1.514610278237609853e+00
2.390136718750000000e+01,1.436402177627770449e+00,1.133458687262897779e+00,1.820314440287354119e+00,1.332515679058803526e+00,1.510452510455050357e+00
2.392578125000000000e+01,1.432394819827242483e+00,1.129536906750936209e+00,1.816456733379082200e+00,1.328842002862907767e+00,1.506288827267484587e+00
2.395019531250000000e+01,1.428397202910300035e+00,1.125607344371344354e+00,1.812637932299112631e+00,1.325194468787847857e+00,1.502119934321345829e+00
2.397460937500000000e+01,1.424407010811210794e+00,1.121669839511113098e+00,1.808852534835431403e+00,1.321568932145045894e+00,1.497945892214392227e+00
2.399902343750000000e+01,1.420430729542981441e+00,1.117731818453541193e+00,1.805105146081934953e+00,1.317970465899644061e+00,1.493774859839263280e+00
2.402343750000000000e+01,1.416468797946369262e+00,1.113790518145646891e+00,1.801401451052094371e+00,1.314397672633860648e+00,1.489607235391197770e+00
2.404785156250000000e+01,1.412531536536303589e+00,1.109859410753453623e+00,1.797746022944556987e+00,1.310866125311542563e+00,1.485450160295089361e+00
2.407226562500000000e+01,1.408603566459367240e+00,1.105920372788142148e+00,1.794129176262267311e+00,1.307347715259942644e+00,1.481296980362001081e+00
2.409667968750000000e+01,1.404689965592764267e+00,1.101980992649177260e+00,1.790551663412553784e+00,1.303853817198741272e+00,1.477148653825927749e+00
2.412109375000000000e+01,1.400792927833671264e+00,1.098039028607767920e+00,1.787022843037537223e+00,1.300384288749901973e+00,1.473009654421593373e+00
2.414550781250000000e+01,1.396923752219152437e+00,1.094109433146368993e+00,1.783547340326221642e+00,1.296949095869240676e+00,1.468891976874701077e+00
2.416992187500000000e+01,1.393074723345507415e+00,1.090183472778284424e+00,1.780119799356784327e+00,1.293538069328582507e+00,1.464789202141557389e+00
2.419433593750000000e+01,1.389247065510189394e+00,1.086264682759092937e+00,1.776737695389753791e+00,1.290153540448923719e+00,1.460702135145401481e+00
2.421875000000000000e+01,1.385439760000453102e+00,1.082350067187042741e+00,1.773403436448820036e+00,1.286793362078479941e+00,1.456630857163295323e+00
2.424316406250000000e+01,1.381667432114246141e+00,1.078453877248542137e+00,1.770131234388638619e+00,1.283473848009522911e+00,1.452588481928869912e+00
2.426757812500000000e+01,1.377909625651803305e+00,1.074555337250930220e+00,1.766902895221042824e+00,1.280168395391822589e+00,1.448559212488925496e+00
2.429199218750000000e+01,1.374196025083214145e+00,1.070685556183666121e+00,1.763743523435152616e+00,1.276901967532411142e+00,1.444578082445982847e+00
2.431640625000000000e+01,1.370498490917823053e+00,1.066817237271942664e+00,1.760625951649524179e+00,1.273655582001409714e+00,1.440607333372946997e+00
2.434082031250000000e+01,1.366828917304889979e+00,1.062961099009922306e+00,1.757563179801200359e+00,1.270437894691802239e+00,1.436662355868178365e+00
2.436523437500000000e+01,1.363184904923816942e+00,1.059117195344565943e+00,1.754549065184045187e+00,1.267244394629478688e+00,1.432742171878638837e+00
2.438964843750000000e+01,1.359572167780044305e+00,1.055288727108036007e+00,1.751593125103944715e+00,1.264082207348246278e+00,1.428851767114566851e+00
2.441406250000000000e+01,1.356010521488736353e+00,1.051499078345335514e+00,1.748707699565157148e+00,1.260962327697790597e+00,1.425018660487030520e+00
2.443847656250000000e+01,1.352465418695327104e+00,1.047709260926565911e+00,1.745868607813072071e+00,1.257859127627270146e+00,1.421199594962378354e+00
2.446289062500000000e+01,1.348977954380635946e+00,1.043962875109655464e+00,1.743109419684893746e+00,1.254803051754794563e+00,1.417446054327522909e+00
2.448730468750000000e+01,1.345507880657549782e+00,1.040221667042267928e+00,1.740390067108656513e+00,1.251764820426027880e+00,1.413707168375983203e+00
2.451171875000000000e+01,1.342076369633006028e+00,1.036505951111020396e+00,1.737731442831229600e+00,1.248756679085182064e+00,1.410011879507826027e+00
2.453613281250000000e+01,1.338688261495752263e+00,1.032821832836394726e+00,1.735135920340673765e+00,1.245782744611983128e+00,1.406366666662337783e+00
2.456054687500000000e+01,1.335341633191385213e+00,1.029165716666721409e+00,1.732604621838249814e+00,1.242840568052865580e+00,1.402769275342516941e+00
2.458496093750000000e+01,1.332041154719162401e+00,1.025540444873547230e+00,1.730144965744711438e+00,1.239935302178394760e+00,1.399224021131164841e+00
2.460937500000000000e+01,1.328821904361368267e+00,1.021989227805050637e+00,1.727775210804278538e+00,1.237100164509236322e+00,1.395768414232555710e+00
2.463378906250000000e+01,1.325615214884554582e+00,1.018437362681236857e+00,1.725443078116362994e+00,1.234269765358471993e+00,1.392329382051336273e+00
2.465820312500000000e+01,1.322458424714231917e+00,1.014923703284888123e+00,1.723180057217300165e+00,1.231479702470368309e+00,1.388946240554377765e+00
2.468261718750000000e+01,1.319352439782645936e+00,1.011449237128097867e+00,1.720986873550793828e+00,1.228730284260974637e+00,1.385620954685104378e+00
2.470703125000000000e+01,1.316299740749559799e+00,1.008017705604445036e+00,1.718863664659937118e+00,1.226019579019896888e+00,1.382359279251595297e+00
2.473144531250000000e+01,1.313302964292130781e+00,1.004630874530713314e+00,1.716814324290178329e+00,1.223350102582606791e+00,1.379164829685846083e+00
2.475585937500000000e+01,1.310364370451186256e+00,1.001294525169617256e+00,1.714834886425717686e+00,1.220723330648467497e+00,1.376039178943221586e+00
2.478027343750000000e+01,1.307517475332254264e+00,9.980414662770896728e-01,1.712956832020634534e+00,1.218174147430136633e+00,1.373015967374311197e+00
2.480468750000000000e+01,1.304694528185005531e+00,9.948029510711567935e-01,1.711120589301645900e+00,1.215633870191500376e+00,1.370026930050698866e+00
2.482910156250000000e+01,1.301934051457337871e+00,9.916169314520374423e-01,1.709361972936525254e+00,1.213140644135785706e+00,1.367111579548004885e+00
2.485351562500000000e+01,1.299236591483698078e+00,9.884853773561995682e-01,1.707678999931127484e+00,1.210695958524881988e+00,1.364269689133401409e+00
2.487792968750000000e+01,1.296604201671158973e+00,9.854115272758421362e-01,1.706071432347570971e+00,1.208299232219777197e+00,1.361505878258476576e+00
2.490234375000000000e+01,1.294049739016028822e+00,9.824050757091303820e-01,1.704556265488245570e+00,1.205961521384889545e+00,1.358833878570408826e+00
2.492675781250000000e+01,1.291575271768542699e+00,9.794734846440530385e-01,1.703125923056719948e+00,1.203684819110856008e+00,1.356256259450033586e+00
2.495117187500000000e+01,1.289139398844072470e+00,9.765727970493421894e-01,1.701747575473463225e+00,1.201434195978418273e+00,1.353725205932201803e+00
2.497558593750000000e+01,1.286787913968848507e+00,9.737500455710483838e-01,1.700460136631116059e+00,1.199254802988294788e+00,1.351288254840731451e+00
2.500000000000000000e+01,1.284495855923222463e+00,9.709795738301677526e-01,1.699242340779166804e+00,1.197112332058205997e+00,1.348927673645054393e+00
2.502441406250000000e+01,1.282275547082711187e+00,9.682726520247839641e-01,1.698107010673043815e+00,1.195023545851499280e+00,1.346652300262443092e+00
2.504882812500000000e+01,1.280132413887995924e+00,9.656389896014884178e-01,1.697051397813795992e+00,1.192992094186863694e+00,1.344469428004536615e+00
2.507324218750000000e+01,1.278064732222864430e+00,9.630746992688098418e-01,1.696077636544763623e+00,1.191014649670708136e+00,1.342377974230440030e+00
2.509765625000000000e+01,1.276089227600363252e+00,9.605971351601845232e-01,1.695199430847924349e+00,1.189109685580676201e+00,1.340393769305527005e+00
2.512207031250000000e+01,1.274177191727194236e+00,9.581792336008697619e-01,1.694388125921418853e+00,1.187253928571999850e+00,1.338482797464718876e+00
2.514648437500000000e+01,1.272360567013753663e+00,9.558504796888122046e-01,1.693676413719656049e+00,1.185478574343531211e+00,1.336678299914888290e+00
2.517089843750000000e+01,1.270613104968878027e+00,9.535880478212945821e-01,1.693034708443837077e+00,1.183747186180671207e+00,1.334962078571128252e+00
2.519531250000000000e+01,1.268951512064569354e+00,9.514042488668380537e-01,1.692485546379278061e+00,1.182082374749194864e+00,1.333346186414850143e+00
2.521972656250000000e+01,1.267374092854043122e+00,9.493013588090202237e-01,1.692020217112899294e+00,1.180482164368280795e+00,1.331829015713486442e+00
2.524414062500000000e+01,1.265889223712386880e+00,9.472847852148862380e-01,1.691651287682866212e+00,1.178958293444248850e+00,1.330416544762557773e+00
2.526855468750000000e+01,1.264486854347905309e+00,9.453482787835416623e-01,1.691362898418911964e+00,1.177494382162205921e+00,1.329103236268868837e+00
2.529296875000000000e+01,1.263172088615801547e+00,9.434973621016191636e-01,1.691158650304898758e+00,1.176097189467483650e+00,1.327892721963706002e+00
2.531738281250000000e+01,1.261950256197729825e+00,9.417359818536726879e-01,1.691045558207164401e+00,1.174772491247763950e+00,1.326790720507410537e+00
2.534179687500000000e+01,1.260831935658512259e+00,9.400740201561356146e-01,1.691034041885723038e+00,1.173532410344075627e+00,1.325806450634674283e+00
2.536621093750000000e+01,1.259794688319451739e+00,9.384905242171076578e-01,1.691101418463287098e+00,1.172350569162262657e+00,1.324920457562372977e+00
2.539062500000000000e+01,1.258853419403196394e+00,9.369996844243424494e-01,1.691261969332153781e+00,1.171243467569254904e+00,1.324145955104964800e+00
2.541503906250000000e+01,1.258013576215770257e+00,9.356040859943139942e-01,1.691525487793572813e+00,1.170221172720129710e+00,1.323485475409561074e+00
2.543945312500000000e+01,1.257266107916010123e+00,9.343021712273751334e-01,1.691870269377317992e+00,1.169266392654847886e+00,1.322935565145497261e+00
2.546386718750000000e+01,1.256617729864709876e+00,9.330987367636335295e-01,1.692305494365213159e+00,1.168390045332116323e+00,1.322500291197259426e+00
2.548828125000000000e+01,1.256071355603566531e+00,9.319934486099835658e-01,1.692839421479685358e+00,1.167593173512236904e+00,1.322183643251824137e+00
2.551269531250000000e+01,1.255639519149035044e+00,9.310026058781011304e-01,1.693476035506664035e+00,1.166889837760024973e+00,1.321997332409402759e+00
2.553710937500000000e+01,1.255296670883550902e+00,9.300974060500052376e-01,1.694198609394473864e+00,1.166253050752975584e+00,1.321916460353289580e+00
2.556152343750000000e+01,1.255060590732965720e+00,9.292990064334891720e-01,1.695016432285099572e+00,1.165703409767594012e+00,1.321956955230400688e+00
2.558593750000000000e+01,1.254924458989763902e+00,9.285975608827589101e-01,1.695928854555309506e+00,1.165233887519093736e+00,1.322111325284787586e+00
2.561035156250000000e+01,1.254894698889997828e+00,9.280011366466258682e-01,1.696938336727352725e+00,1.164849823818352892e+00,1.322387558891754855e+00
2.563476562500000000e+01,1.254971202597218838e+00,9.275103975670564438e-01,1.698043195504387759e+00,1.164553642866231753e+00,1.322783383468291607e+00
2.565917968750000000e+01,1.255155399263402138e+00,9.271246530242548411e-01,1.699248392501601979e+00,1.164346104918117408e+00,1.323300601206123694e+00
2.568359375000000000e+01,1.255455132603792157e+00,9.268562912675247789e-01,1.700552291473053979e+00,1.164228895522920748e+00,1.323952435484675005e+00
2.570800781250000000e+01,1.255854545928102528e+00,9.266837381110657468e-01,1.701951351540013757e+00,1.164196235157493708e+00,1.324713991436394567e+00
2.573242187500000000e+01,1.256367758079960817e+00,9.266253691171614237e-01,1.703449955235672109e+00,1.164255776141943199e+00,1.325605442454995453e+00
2.575683593750000000e+01,1.256982888473480608e+00,9.266685921885885469e-01,1.705038883624517609e+00,1.164397575139114016e+00,1.326612902811431072e+00
2.578125000000000000e+01,1.257705076986605164e+00,9.268211159941288635e-01,1.706717761799357636e+00,1.164625370370748536e+00,1.327742659049655716e+00
2.580566406250000000e+01,1.258537401723963223e+00,9.270817323948717936e-01,1.708497035581181489e+00,1.164943997327854586e+00,1.328996260106150240e+00
2.583007812500000000e+01,1.259482502807480975e+00,9.274538364459612438e-01,1.710377500789628691e+00,1.165357537899544216e+00,1.330375335009876370e+00
2.585449218750000000e+01,1.260538160345856085e+00,9.279387773323475308e-01,1.712350526244922344e+00,1.165862562689279347e+00,1.331878242890551789e+00
2.587890625000000000e+01,1.261722116939757665e+00,9.285538935793838933e-01,1.714432206232351596e+00,1.166482055110764859e+00,1.333519892987064415e+00
2.590332031250000000e+01,1.262999956510458599e+00,9.292606139774562957e-01,1.716600129341238734e+00,1.167173126811611450e+00,1.335271002706613475e+00
2.592773437500000000e+01,1.264386992095246631e+00,9.300767674651609918e-01,1.718862917237150123e+00,1.167958200742212682e+00,1.337141249594667292e+00
2.595214843750000000e+01,1.265887781383487454e+00,9.310070646318888699e-01,1.721224183932062779e+00,1.168839839670597014e+00,1.339137154342497693e+00
2.597656250000000000e+01,1.267498574270046419e+00,9.320486294603950173e-01,1.723678985190618240e+00,1.169813625492241327e+00,1.341255719661712087e+00
2.600097656250000000e+01,1.269212740972962550e+00,9.331933525221866033e-01,1.726224235839486587e+00,1.170872690635888169e+00,1.343489714941312085e+00
2.602539062500000000e+01,1.271036529170129548e+00,9.344494987932050467e-01,1.728861603084201892e+00,1.172025469109582607e+00,1.345844124257054242e+00
2.604980468750000000e+01,1.272981886281417951e+00,9.358287926612106622e-01,1.731601865115134364e+00,1.173285454001419259e+00,1.348329831331758655e+00
2.607421875000000000e+01,1.275026499394972257e+00,9.373066764035125065e-01,1.734429739044698104e+00,1.174628525256731004e+00,1.350925540385633727e+00
2.609863281250000000e+01,1.277179180677433967e+00,9.388946089617625779e-01,1.737347987714682240e+00,1.176064352888432030e+00,1.353639806111127664e+00
2.612304687500000000e+01,1.279440404361562367e+00,9.405924498734208328e-01,1.740358163127049940e+00,1.177594448740961530e+00,1.356471570061744236e+00
2.614746093750000000e+01,1.281810606464433011e+00,9.423998178901351608e-01,1.743462169297938624e+00,1.179220546260056013e+00,1.359420667259317206e+00
2.617187500000000000e+01,1.284288181892229819e+00,9.443174028887059146e-01,1.746654386652706226e+00,1.180940148423736069e+00,1.362486224787781586e+00
2.619628906250000000e+01,1.286873134314240330e+00,9.463436191030444311e-01,1.749937792563523109e+00,1.182755203755284423e+00,1.365666501805055777e+00
2.622070312500000000e+01,1.289562402723033241e+00,9.484766303815944655e-01,1.753307500942590247e+00,1.184663968180196036e+00,1.368957491143788952e+00
2.624511718750000000e+01,1.292365925798184323e+00,9.507265930856535485e-01,1.756771818850053402e+00,1.186674458586097103e+00,1.372370695771902183e+00
2.626953125000000000e+01,1.295266670139373355e+00,9.530748127351428289e-01,1.760319047734790532e+00,1.188770089651120854e+00,1.375888433305357372e+00
2.629394531250000000e+01,1.298271145768007617e+00,9.555273199556385544e-01,1.763955810297529236e+00,1.190957235359751731e+00,1.379517538126610265e+00
2.631835937500000000e+01,1.301378387111645774e+00,9.580858048774359981e-01,1.767676441733694093e+00,1.193237481648267373e+00,1.383254705284151731e+00
2.634277343750000000e+01,1.304584949016456497e+00,9.607462744534686072e-01,1.771479041298848145e+00,1.195606912015423351e+00,1.387097391923874712e+00
2.636718750000000000e+01,1.307889439719044811e+00,9.635083108280613207e-01,1.775360697261126219e+00,1.198065122223075374e+00,1.391043458326523874e+00
2.639160156250000000e+01,1.311290955535351355e+00,9.663701095641834549e-01,1.779322386993398286e+00,1.200612440253529645e+00,1.395090690167088310e+00
2.641601562500000000e+01,1.314795805194270750e+00,9.693394018258942868e-01,1.783367111767262481e+00,1.203257240946181028e+00,1.399243740377583700e+00
2.644042968750000000e+01,1.318390331814744298e+00,9.723994606165011767e-01,1.787488719831870743e+00,1.205982632801894328e+00,1.403491355118790196e+00
2.646484375000000000e+01,1.322077292114769653e+00,9.755561893347794999e-01,1.791683949560493039e+00,1.208793608091212279e+00,1.407835005976760590e+00
2.648925781250000000e+01,1.325857042200980551e+00,9.788076539584216196e-01,1.795957448069368745e+00,1.211691101254891656e+00,1.412273978050283763e+00
2.651367187500000000e+01,1.329727322108962051e+00,9.821532119386754411e-01,1.800304402276367011e+00,1.214674602176149865e+00,1.416804922349967688e+00
2.653808593750000000e+01,1.333689304831258804e+00,9.855935714264139058e-01,1.804726829992406634e+00,1.217743627767713166e+00,1.421430406557999016e+00
2.656250000000000000e+01,1.337736566442953468e+00,9.891222487179021083e-01,1.809219359404946381e+00,1.220895746424793593e+00,1.426140876172915517e+00
2.658691406250000000e+01,1.341868510429435002e+00,9.927398631225643477e-01,1.813779385889137341e+00,1.224127991440729257e+00,1.430937440312063380e+00
2.661132812500000000e+01,1.346088491071755655e+00,9.964518212732215163e-01,1.818406256190692627e+00,1.227447039455290767e+00,1.435821518761079663e+00
2.663574218750000000e+01,1.350384656651947290e+00,1.000242121853156085e+00,1.823097309222005080e+00,1.230838671107685300e+00,1.440782241654227080e+00
2.666015625000000000e+01,1.354758394873444960e+00,1.004113256024646850e+00,1.827851885699059542e+00,1.234306375820010571e+00,1.445819794406793202e+00
2.668457031250000000e+01,1.359211383114494076e+00,1.008066489248765629e+00,1.832672352162784790e+00,1.237853590257324443e+00,1.450934340928553334e+00
2.670898437500000000e+01,1.363740770049073792e+00,1.012100055269897991e+00,1.837554378354507856e+00,1.241475053932971306e+00,1.456125129279911334e+00
2.673339843750000000e+01,1.368341816395857613e+00,1.016210651484641625e+00,1.842491341497036306e+00,1.245169982362250183e+00,1.461384178751631735e+00
2.675781250000000000e+01,1.373012435855575974e+00,1.020395015754734125e+00,1.847483690048900673e+00,1.248934517919870535e+00,1.466710994917954647e+00
2.678222656250000000e+01,1.377755740241132010e+00,1.024658370008794783e+00,1.852530497312091740e+00,1.252775987840264671e+00,1.472105389523836960e+00
2.680664062500000000e+01,1.382559703711875532e+00,1.028984597706217974e+00,1.857628713382945218e+00,1.256680423983574046e+00,1.477556257523680028e+00
2.683105468750000000e+01,1.387426988573731590e+00,1.033378445819869818e+00,1.862777045921002017e+00,1.260651739187456766e+00,1.483065787146723213e+00
2.685546875000000000e+01,1.392355878898308363e+00,1.037837500927739409e+00,1.867975373572150044e+00,1.264688199297706150e+00,1.488632318383972475e+00
2.687988281250000000e+01,1.397342864807324947e+00,1.042358307748402879e+00,1.873220626068285322e+00,1.268788963273501658e+00,1.494250211053361310e+00
2.690429687500000000e+01,1.402386240471682477e+00,1.046939643651118246e+00,1.878510551578346455e+00,1.272952115631842851e+00,1.499917942132555471e+00
2.692871093750000000e+01,1.407485250338650573e+00,1.051579471952495792e+00,1.883846901502033822e+00,1.277176532514172402e+00,1.505634951513974418e+00
2.695312500000000000e+01,1.412632403796509895e+00,1.056272255266028415e+00,1.889219657438904632e+00,1.281455339199918830e+00,1.511393697333611286e+00
2.697753906250000000e+01,1.417830486454189520e+00,1.061023180701849311e+00,1.894627115487883096e+00,1.285791529638775632e+00,1.517197229212144727e+00
2.700195312500000000e+01,1.423070703272823812e+00,1.065817896799279296e+00,1.900071515589114801e+00,1.290179074472078469e+00,1.523033595963077191e+00
2.702636718750000000e+01,1.428352661447209293e+00,1.070657065301177102e+00,1.905550704874317436e+00,1.294618004676174605e+00,1.528902453699366948e+00
2.705078125000000000e+01,1.433675430752154867e+00,1.075542165088808400e+00,1.911059656664096273e+00,1.299106703418990483e+00,1.534803187678462244e+00
2.707519531250000000e+01,1.439037281564409909e+00,1.080469131325882959e+00,1.916601074193667875e+00,1.303645169849799279e+00,1.540733077261875916e+00
2.709960937500000000e+01,1.444429601762320381e+00,1.085429719645874203e+00,1.922166711197058619e+00,1.308224636871806235e+00,1.546683504027101419e+00
2.712402343750000000e+01,1.449854698314398949e+00,1.090427153845838770e+00,1.927757061817924722e+00,1.312848507789981856e+00,1.552656277972329413e+00
2.714843750000000000e+01,1.455308972141004187e+00,1.095459806962350457e+00,1.933365506368502240e+00,1.317512609916769994e+00,1.558648450844168476e+00
2.717285156250000000e+01,1.460788199461248604e+00,1.100517632234245813e+00,1.938998614091295813e+00,1.322216834290073306e+00,1.564651461443142821e+00
2.719726562500000000e+01,1.466290526524219873e+00,1.105601708176312314e+00,1.944649589698181247e+00,1.326957125529982795e+00,1.570666042185763001e+00
2.722167968750000000e+01,1.471809427981491725e+00,1.110705297871862118e+00,1.950313009621670535e+00,1.331728933381462143e+00,1.576684216846621078e+00
2.724609375000000000e+01,1.477347484389117227e+00,1.115830266905943668e+00,1.955992460827222335e+00,1.336534260966563581e+00,1.582708968967464935e+00
2.727050781250000000e+01,1.482899569234603421e+00,1.120972107566374332e+00,1.961682291283922241e+00,1.341369143537757935e+00,1.588733709842446107e+00
2.729492187500000000e+01,1.488462653073541198e+00,1.126127645998806104e+00,1.967380054531645772e+00,1.346229670994187888e+00,1.594756798003405862e+00
2.731933593750000000e+01,1.494036133385811871e+00,1.131296327503033661e+00,1.973085135694866210e+00,1.351118206326266558e+00,1.600774686087248710e+00
2.734375000000000000e+01,1.499612128310466197e+00,1.136472407394573558e+00,1.978786744617433424e+00,1.356024432837788618e+00,1.606782967971746023e+00
2.736816406250000000e+01,1.505191292672434011e+00,1.141650311151813701e+00,1.984496308025478495e+00,1.360953745764111433e+00,1.612776620108489212e+00
2.739257812500000000e+01,1.510770901804671773e+00,1.146830596067510477e+00,1.990205637664502536e+00,1.365901717772202595e+00,1.618755254738496907e+00
2.741699218750000000e+01,1.516346519228187306e+00,1.152007663308063590e+00,1.995912735313611686e+00,1.370865234828259283e+00,1.624713569392378876e+00
2.744140625000000000e+01,1.521917136609319376e+00,1.157181085725695668e+00,2.001615649682474629e+00,1.375840826461265820e+00,1.630652086235792719e+00
2.746582031250000000e+01,1.527479572346725378e+00,1.162347932969000297e+00,2.007311044961234803e+00,1.380828459360405658e+00,1.636565686493742344e+00
2.749023437500000000e+01,1.533031572624810268e+00,1.167504940168918370e+00,2.012998593671446290e+00,1.385825893656366103e+00,1.642451570597537547e+00
2.751464843750000000e+01,1.538565059960030013e+00,1.172648744297616119e+00,2.018662839354922856e+00,1.390823716953643707e+00,1.648303700398772165e+00
2.753906250000000000e+01,1.544085627806800698e+00,1.177777327182878864e+00,2.024321890880920183e+00,1.395831468320517521e+00,1.654122963482670405e+00
2.756347656250000000e+01,1.549586024221069280e+00,1.182886001704803514e+00,2.029964715957893517e+00,1.400841359685853327e+00,1.659903353043304941e+00
2.758789062500000000e+01,1.555064235370587022e+00,1.187972173935613940e+00,2.035590419695951780e+00,1.405850973683342442e+00,1.665643214023065699e+00
2.761230468750000000e+01,1.560520456004373502e+00,1.193036130026199348e+00,2.041198948060877427e+00,1.410858766343759507e+00,1.671344534144672878e+00
2.763671875000000000e+01,1.565947758083261920e+00,1.198072055597260821e+00,2.046782052539846131e+00,1.415859477452007464e+00,1.676998675431077501e+00
2.766113281250000000e+01,1.571347671173503491e+00,1.203079575797984191e+00,2.052344294902234356e+00,1.420856648843612513e+00,1.682605921590510478e+00
2.768554687500000000e+01,1.576715364246660700e+00,1.208055044579131820e+00,2.057879192679978875e+00,1.425844121169953294e+00,1.688161916526085271e+00
2.770996093750000000e+01,1.582040042340907116e+00,1.212990677430276776e+00,2.063371748967035124e+00,1.430810797739112017e+00,1.693657465569248455e+00
2.773437500000000000e+01,1.587335218985220564e+00,1.217892829839066104e+00,2.068846318574521614e+00,1.435772872055585125e+00,1.699102004781357644e+00
2.775878906250000000e+01,1.592592060551420774e+00,1.222755871055070997e+00,2.074289342109556067e+00,1.440719375014793968e+00,1.704489576713321020e+00
2.778320312500000000e+01,1.597806498313896206e+00,1.227574909922608981e+00,2.079698424444879734e+00,1.445646327781948015e+00,1.709815609163727101e+00
2.780761718750000000e+01,1.602979078015272618e+00,1.232350471442232864e+00,2.085073998103422088e+00,1.450555309845499963e+00,1.715080188227003033e+00
2.783203125000000000e+01,1.608105604885559314e+00,1.237079229714461048e+00,2.090410682152705757e+00,1.455443218239304670e+00,1.720278090736629295e+00
2.785644531250000000e+01,1.613187031279294414e+00,1.241757721560594163e+00,2.095716702785741070e+00,1.460308667949711037e+00,1.725412175929275982e+00
2.788085937500000000e+01,1.618205366050169181e+00,1.246380096072082777e+00,2.100955089836511025e+00,1.465138693839090900e+00,1.730461554200512397e+00
2.790527343750000000e+01,1.623184571367852547e+00,1.250953897881547983e+00,2.106175261285383904e+00,1.469951820135690479e+00,1.735452598633185017e+00
2.792968750000000000e+01,1.628109746746231323e+00,1.255475154663991288e+00,2.111345125072991546e+00,1.474736099526035904e+00,1.740368399276130962e+00
2.795410156250000000e+01,1.632975404159837662e+00,1.259937135235527528e+00,2.116461683695433305e+00,1.479486068274678212e+00,1.745204026086767612e+00
2.797851562500000000e+01,1.637783378716919813e+00,1.264340058929447119e+00,2.121529233102539269e+00,1.484202699910028844e+00,1.749962254322345867e+00
2.800292968750000000e+01,1.642533497175428847e+00,1.268682490712610189e+00,2.126549636408983091e+00,1.488887105829882262e+00,1.754641311580580787e+00
2.802734375000000000e+01,1.647220997673521037e+00,1.272960718860245866e+00,2.131516687809467570e+00,1.493534233184083071e+00,1.759237469125573661e+00
2.805175781250000000e+01,1.651839385774160895e+00,1.277171268703503948e+00,2.136419306679688379e+00,1.498138167839328849e+00,1.763744195631095746e+00
2.807617187500000000e+01,1.656402834061162510e+00,1.281322425278568433e+00,2.141280207508549083e+00,1.502709977905941630e+00,1.768176411678634263e+00
2.810058593750000000e+01,1.660900503039585141e+00,1.285403483356993171e+00,2.146089159329753748e+00,1.507240866381991173e+00,1.772522274501553641e+00
2.812500000000000000e+01,1.665331444953711548e+00,1.289416906459889711e+00,2.150839505560560916e+00,1.511729420985418626e+00,1.776781091785320399e+00
2.814941406250000000e+01,1.669695881926533065e+00,1.293362611600877399e+00,2.155531877229449833e+00,1.516175905634390420e+00,1.780953420501571793e+00
2.817382812500000000e+01,1.673990995477466548e+00,1.297236610780990951e+00,2.160165562435499176e+00,1.520578212857061295e+00,1.785035703837698495e+00
2.819824218750000000e+01,1.678214198089921005e+00,1.301036736264491900e+00,2.164737409918946920e+00,1.524933220612399776e+00,1.789026014708424484e+00
2.822265625000000000e+01,1.682364618264111877e+00,1.304763846902305513e+00,2.169243664672810379e+00,1.529238385466443084e+00,1.792924519863131394e+00
2.824707031250000000e+01,1.686439978070093382e+00,1.308416074521944861e+00,2.173681487880065877e+00,1.533493124934607987e+00,1.796728894035780177e+00
2.827148437500000000e+01,1.690446594650522272e+00,1.311994236933360591e+00,2.178065733005725146e+00,1.537701278619531653e+00,1.800445262667453639e+00
2.829589843750000000e+01,1.694380196133255856e+00,1.315497591915062436e+00,2.182386548400415016e+00,1.541858825103224584e+00,1.804070183128874572e+00
2.832031250000000000e+01,1.698239674875323457e+00,1.318925478775570648e+00,2.186642111120662424e+00,1.545965992245072140e+00,1.807601239491999134e+00
2.834472656250000000e+01,1.702020894856544508e+00,1.322273737301634444e+00,2.190828604400726576e+00,1.550017865341841494e+00,1.811035010678486934e+00
2.836914062500000000e+01,1.705726124558326173e+00,1.325544209162571097e+00,2.194948755303212540e+00,1.554017231136281874e+00,1.814373497827793003e+00
2.839355468750000000e+01,1.709356325170652724e+00,1.328736869030940237e+00,2.199005020860063553e+00,1.557960710624225253e+00,1.817621130553014552e+00
2.841796875000000000e+01,1.712905497341828509e+00,1.331852424906777133e+00,2.202980741675809373e+00,1.561849066308473422e+00,1.820767507069752211e+00
2.844238281250000000e+01,1.716379233906147439e+00,1.334887261096737054e+00,2.206896237936879501e+00,1.565681432071605927e+00,1.823820965147769257e+00
2.846679687500000000e+01,1.719776220098230723e+00,1.337844930571568502e+00,2.210742201603116186e+00,1.569456572517485160e+00,1.826781732118656132e+00
2.849121093750000000e+01,1.723093413803845841e+00,1.340723075177604917e+00,2.214514665752942868e+00,1.573171263728930569e+00,1.829646726030968118e+00
2.851562500000000000e+01,1.726333207459986863e+00,1.343521400049341175e+00,2.218220225647047350e+00,1.576831056673078102e+00,1.832415203721514896e+00
2.854003906250000000e+01,1.729493677728219492e+00,1.346240101764893726e+00,2.221853573801988890e+00,1.580431931746792529e+00,1.835087438574040331e+00
2.856445312500000000e+01,1.732575695946261485e+00,1.348880879243705255e+00,2.225414110597180084e+00,1.583975781090211976e+00,1.837663494619088622e+00
2.858886718750000000e+01,1.735584639106919846e+00,1.351443531194159497e+00,2.228915948002811120e+00,1.587469818109299213e+00,1.840147203263968079e+00
2.861328125000000000e+01,1.738499572975173102e+00,1.353919127331792094e+00,2.232320013966531125e+00,1.590889837488592695e+00,1.842521840973017300e+00
2.863769531250000000e+01,1.741348290610384986e+00,1.356320139142804360e+00,2.235677095474024600e+00,1.594261923707082973e+00,1.844813646514216421e+00
2.866210937500000000e+01,1.744113129322295563e+00,1.358641092200418621e+00,2.238950835019851038e+00,1.597563414298139639e+00,1.847010257029987335e+00
2.868652343750000000e+01,1.746801068862707362e+00,1.360886265890665081e+00,2.242152081814779763e+00,1.600805068722346292e+00,1.849115624610024655e+00
2.871093750000000000e+01,1.749412648552145733e+00,1.363053868043692773e+00,2.245285154655480397e+00,1.603988068304805115e+00,1.851129953570934239e+00
2.873535156250000000e+01,1.751940147492060618e+00,1.365136328943836297e+00,2.248342685868686353e+00,1.607103920142812781e+00,1.853045718529114261e+00
2.875976562500000000e+01,1.754384657688969451e+00,1.367139590285183504e+00,2.251317677438047227e+00,1.610155794334939161e+00,1.854863024532412030e+00
2.878417968750000000e+01,1.756735378179002049e+00,1.369053474943217941e+00,2.254199156883714306e+00,1.613138596682910597e+00,1.856567240442241751e+00
2.880859375000000000e+01,1.759023109257715989e+00,1.370897614531922493e+00,2.257033833966622716e+00,1.616066725693379835e+00,1.858199666685062645e+00
2.883300781250000000e+01,1.761229740137656430e+00,1.372663795355900440e+00,2.259788746552536143e+00,1.618929396751940253e+00,1.859737881646967184e+00
2.885742187500000000e+01,1.763356685293581139e+00,1.374349464544805999e+00,2.262471721920762846e+00,1.621727758220849358e+00,1.861183382404188569e+00
2.888183593750000000e+01,1.765403410520911098e+00,1.375959269655630646e+00,2.265073734819844198e+00,1.624463217207076760e+00,1.862534045642471270e+00
2.890625000000000000e+01,1.767374486177685222e+00,1.377494301831489354e+00,2.267604715488654499e+00,1.627138501647436453e+00,1.863796016875135741e+00
2.893066406250000000e+01,1.769265870324423506e+00,1.378951126118331816e+00,2.270059946726653788e+00,1.629749947048709346e+00,1.864965337831423042e+00
2.895507812500000000e+01,1.771082998520863372e+00,1.380335249657491437e+00,2.272444312660988786e+00,1.632299404640644491e+00,1.866048852293357818e+00
2.897949218750000000e+01,1.772807404415538191e+00,1.381633855616474227e+00,2.274731529177999700e+00,1.634776491017474909e+00,1.867024714451737344e+00
2.900390625000000000e+01,1.774468690085511557e+00,1.382867007933362480e+00,2.276964533848740757e+00,1.637197626750199975e+00,1.867929161359320078e+00
2.902832031250000000e+01,1.776055296110226056e+00,1.384026423087113544e+00,2.279127307270087055e+00,1.639555106788921801e+00,1.868749740766777911e+00
2.905273437500000000e+01,1.777567867762000153e+00,1.385113604976160318e+00,2.281219037303678032e+00,1.641854012850882061e+00,1.869483596150371740e+00
2.907714843750000000e+01,1.779008505400848650e+00,1.386129156686467301e+00,2.283244131343550976e+00,1.644092349596870450e+00,1.870134396222734585e+00
2.910156250000000000e+01,1.780376230625616341e+00,1.387076325990767023e+00,2.285194738878253418e+00,1.646267878330737622e+00,1.870704976961111488e+00
2.912597656250000000e+01,1.781673136835334903e+00,1.387954080156068581e+00,2.287077945809072421e+00,1.648385053042315640e+00,1.871193217485737526e+00
2.915039062500000000e+01,1.782878717536266810e+00,1.388749537338901607e+00,2.288862344130570659e+00,1.650426062846948705e+00,1.871579026577683047e+00
2.917480468750000000e+01,1.784030173473851066e+00,1.389489512808476768e+00,2.290599267231635316e+00,1.652419742774462463e+00,1.871902406397858432e+00
2.919921875000000000e+01,1.785115539956572350e+00,1.390163752366640804e+00,2.292274910469686677e+00,1.654356631734517968e+00,1.872152104419701812e+00
2.922363281250000000e+01,1.786131297075164381e+00,1.390772206402128841e+00,2.293880331880153722e+00,1.656232742393956014e+00,1.872324383483741972e+00
2.924804687500000000e+01,1.787078049224771092e+00,1.391315923332101301e+00,2.295415369337868938e+00,1.658048482499127285e+00,1.872420366102314437e+00
2.927246093750000000e+01,1.787956567704233946e+00,1.391793126446436046e+00,2.296884951687347964e+00,1.659805889884560903e+00,1.872439394531035584e+00
2.929687500000000000e+01,1.788769014344939956e+00,1.392207874924449085e+00,2.298287952762949171e+00,1.661504970011825622e+00,1.872385363887420162e+00
2.932128906250000000e+01,1.789515594504667018e+00,1.392559576512175212e+00,2.299625895357442218e+00,1.663146084841702566e+00,1.872257550069692522e+00
2.934570312500000000e+01,1.790169826201370551e+00,1.392826825279591896e+00,2.300866086491794693e+00,1.664706355797816784e+00,1.872029780797893617e+00
2.937011718750000000e+01,1.790786562902967782e+00,1.393053022239608252e+00,2.302077855384192073e+00,1.666231017126223124e+00,1.871760835863930827e+00
2.939453125000000000e+01,1.791339427195233425e+00,1.393221768312755460e+00,2.303220504019430681e+00,1.667699734873921535e+00,1.871420875915086990e+00
2.941894531250000000e+01,1.791830388126565365e+00,1.393328664111031401e+00,2.304306386937251538e+00,1.669114498565573479e+00,1.871011742812500378e+00
2.944335937500000000e+01,1.792262842581423765e+00,1.393383092197582940e+00,2.305328746189889699e+00,1.670476300771213563e+00,1.870538962544517458e+00
2.946777343750000000e+01,1.792632526412979210e+00,1.393377570388953490e+00,2.306289008123434403e+00,1.671781021334370676e+00,1.869997919191136670e+00
2.949218750000000000e+01,1.792940053126585553e+00,1.393313151144690565e+00,2.307187032193407372e+00,1.673028705452838771e+00,1.869390057650235137e+00
2.951660156250000000e+01,1.793156523334336505e+00,1.393166638190592277e+00,2.307986876108786056e+00,1.674194362528815594e+00,1.868685066009444729e+00
2.954101562500000000e+01,1.793346045172054648e+00,1.392991350279927376e+00,2.308765260522229301e+00,1.675335471740798887e+00,1.867948862866219306e+00
2.956542968750000000e+01,1.793481278488598063e+00,1.392763036428247503e+00,2.309492004137351451e+00,1.676426472047004790e+00,1.867153913006287080e+00
2.958984375000000000e+01,1.793556096700250402e+00,1.392479422985901438e+00,2.310155122517173698e+00,1.677460349033864873e+00,1.866295152336225227e+00
2.961425781250000000e+01,1.793575759380259926e+00,1.392143649056909238e+00,2.310762978242751675e+00,1.678443643877715052e+00,1.865376578394894791e+00
2.963867187500000000e+01,1.793541890387424287e+00,1.391756961016272109e+00,2.311317710403666403e+00,1.679376135841311068e+00,1.864402178368888663e+00
2.966308593750000000e+01,1.793456052237502485e+00,1.391322939884153342e+00,2.311817421464454458e+00,1.680258936860150598e+00,1.863373157466221564e+00
2.968750000000000000e+01,1.793314937153670963e+00,1.390838235163893710e+00,2.312259170412805265e+00,1.681092242243519497e+00,1.862283272991428262e+00
2.971191406250000000e+01,1.793088996160332016e+00,1.390279642014784489e+00,2.312605357215664181e+00,1.681845535143712045e+00,1.861106654170550323e+00
2.973632812500000000e+01,1.792847608543350235e+00,1.389701922325225159e+00,2.312943873662845817e+00,1.682580395365930404e+00,1.859914194921994390e+00
2.976074218750000000e+01,1.792557756004375502e+00,1.389078823272651197e+00,2.313233241178521915e+00,1.683267902285665807e+00,1.858671237957242761e+00
2.978515625000000000e+01,1.792219807764003914e+00,1.388409334825696950e+00,2.313476118874473908e+00,1.683908339562262935e+00,1.857378776489281957e+00
2.980957031250000000e+01,1.791831863441607275e+00,1.387695121940963450e+00,2.313664850499642878e+00,1.684502286405835214e+00,1.856033546746418184e+00
2.983398437500000000e+01,1.791399830153109107e+00,1.386940474589556382e+00,2.313807557186097430e+00,1.685052055581806263e+00,1.854643218736505839e+00
2.985839843750000000e+01,1.790919226122870356e+00,1.386138610251110181e+00,2.313903999770626108e+00,1.685555328989370327e+00,1.853201756176891202e+00
2.988281250000000000e+01,1.790357644830288919e+00,1.385271598394341330e+00,2.313900393336290939e+00,1.685986562882200390e+00,1.851674325075880256e+00
2.990722656250000000e+01,1.789789544189996917e+00,1.384392634082763696e+00,2.313900358632166920e+00,1.686404159933878599e+00,1.850143112719165872e+00
2.993164062500000000e+01,1.789180488785200751e+00,1.383474592648448409e+00,2.313860217209707137e+00,1.686782948579188091e+00,1.848568504975750315e+00
2.995605468750000000e+01,1.788531234657128932e+00,1.382519711139083896e+00,2.313778206249635705e+00,1.687121800927551041e+00,1.846952526531363326e+00
2.998046875000000000e+01,1.787840342123701021e+00,1.381528871148749671e+00,2.313649143117210372e+00,1.687418752789004550e+00,1.845295211441069450e+00
